date,crossing_id,delay_minutes,observation_time
2026-08-10,coutts-sweetgrass,0,20:15 MDT
2026-08-10,emerson-pembina,0,22:15 CDT
2026-08-10,fort-erie-buffalo,3,23:20 EDT
2026-08-10,lacolle-champlain,0,20:12 EDT
2026-08-10,lansdowne-alexandria,0,22:15 EDT
2026-08-10,pacific-blaine,10,20:20 PDT
2026-08-10,queenston-lewiston,28,23:20 EDT
2026-08-10,sarnia-port-huron,0,06:28 EDT
2026-08-10,windsor-detroit,0,23:15 EDT
2026-08-11,coutts-sweetgrass,0,20:15 MDT
2026-08-11,emerson-pembina,0,21:15 CDT
2026-08-11,fort-erie-buffalo,5,23:20 EDT
2026-08-11,lacolle-champlain,0,23:26 EDT
2026-08-11,lansdowne-alexandria,0,22:15 EDT
2026-08-11,pacific-blaine,15,20:20 PDT
2026-08-11,queenston-lewiston,4,23:20 EDT
2026-08-11,sarnia-port-huron,0,23:21 EDT
2026-08-11,windsor-detroit,10,23:06 EDT
2026-08-12,coutts-sweetgrass,0,2026-08-13T03:56:03+00:00
2026-08-12,emerson-pembina,0,2026-08-13T03:56:03+00:00
2026-08-12,fort-erie-buffalo,4,2026-08-13T03:56:03+00:00
2026-08-12,lacolle-champlain,0,2026-08-13T03:56:03+00:00
2026-08-12,lansdowne-alexandria,0,2026-08-13T03:56:03+00:00
2026-08-12,pacific-blaine,20,2026-08-13T03:56:03+00:00
2026-08-12,queenston-lewiston,27,2026-08-13T03:56:03+00:00
2026-08-12,sarnia-port-huron,20,2026-08-13T03:56:03+00:00
2026-08-12,windsor-detroit,0,2026-08-13T03:56:03+00:00
2026-08-13,coutts-sweetgrass,0,2026-08-14T03:45:25+00:00
2026-08-13,emerson-pembina,0,2026-08-14T03:45:25+00:00
2026-08-13,fort-erie-buffalo,4,2026-08-14T03:45:25+00:00
2026-08-13,lacolle-champlain,0,2026-08-14T03:45:25+00:00
2026-08-13,lansdowne-alexandria,0,2026-08-14T03:45:25+00:00
2026-08-13,pacific-blaine,15,2026-08-14T03:45:25+00:00
2026-08-13,queenston-lewiston,16,2026-08-14T03:45:25+00:00
2026-08-13,sarnia-port-huron,30,2026-08-14T03:45:25+00:00
2026-08-13,windsor-detroit,0,2026-08-14T03:45:25+00:00
2026-08-14,coutts-sweetgrass,0,2026-08-15T03:34:16+00:00
2026-08-14,emerson-pembina,0,2026-08-15T03:34:16+00:00
2026-08-14,fort-erie-buffalo,15,2026-08-15T03:34:16+00:00
2026-08-14,lacolle-champlain,0,2026-08-15T03:34:16+00:00
2026-08-14,lansdowne-alexandria,0,2026-08-15T03:34:16+00:00
2026-08-14,pacific-blaine,5,2026-08-15T03:34:16+00:00
2026-08-14,queenston-lewiston,13,2026-08-15T03:34:16+00:00
2026-08-14,sarnia-port-huron,0,2026-08-15T03:34:16+00:00
2026-08-14,windsor-detroit,0,2026-08-15T03:34:16+00:00
2026-08-15,coutts-sweetgrass,0,2026-08-16T03:56:52+00:00
2026-08-15,emerson-pembina,0,2026-08-16T03:56:52+00:00
2026-08-15,fort-erie-buffalo,15,2026-08-16T03:56:52+00:00
2026-08-15,lacolle-champlain,0,2026-08-16T03:56:52+00:00
2026-08-15,lansdowne-alexandria,0,2026-08-16T03:56:52+00:00
2026-08-15,pacific-blaine,5,2026-08-16T03:56:52+00:00
2026-08-15,queenston-lewiston,2,2026-08-16T03:56:52+00:00
2026-08-15,sarnia-port-huron,0,2026-08-16T03:56:52+00:00
2026-08-15,windsor-detroit,10,2026-08-16T03:56:52+00:00
2026-08-16,coutts-sweetgrass,0,2026-08-17T03:48:03+00:00
2026-08-16,emerson-pembina,0,2026-08-17T03:48:03+00:00
2026-08-16,fort-erie-buffalo,3,2026-08-17T03:48:03+00:00
2026-08-16,lacolle-champlain,0,2026-08-17T03:48:03+00:00
2026-08-16,lansdowne-alexandria,0,2026-08-17T03:48:03+00:00
2026-08-16,pacific-blaine,5,2026-08-17T03:48:03+00:00
2026-08-16,queenston-lewiston,0,2026-08-17T03:48:03+00:00
2026-08-16,sarnia-port-huron,0,2026-08-17T03:48:03+00:00
2026-08-16,windsor-detroit,0,2026-08-17T03:48:03+00:00
2026-08-17,coutts-sweetgrass,0,2026-08-18T03:32:26+00:00
2026-08-17,emerson-pembina,0,2026-08-18T03:32:26+00:00
2026-08-17,fort-erie-buffalo,0,2026-08-18T03:32:26+00:00
2026-08-17,lacolle-champlain,0,2026-08-18T03:32:26+00:00
2026-08-17,lansdowne-alexandria,0,2026-08-18T03:32:26+00:00
2026-08-17,pacific-blaine,20,2026-08-18T03:32:26+00:00
2026-08-17,queenston-lewiston,32,2026-08-18T03:32:26+00:00
2026-08-17,sarnia-port-huron,0,2026-08-18T03:32:26+00:00
2026-08-17,windsor-detroit,0,2026-08-18T03:32:26+00:00
2026-08-18,coutts-sweetgrass,0,2026-08-19T03:56:39+00:00
2026-08-18,emerson-pembina,0,2026-08-19T03:56:39+00:00
2026-08-18,fort-erie-buffalo,3,2026-08-19T03:56:39+00:00
2026-08-18,lacolle-champlain,0,2026-08-19T03:56:39+00:00
2026-08-18,lansdowne-alexandria,0,2026-08-19T03:56:39+00:00
2026-08-18,pacific-blaine,5,2026-08-19T03:56:39+00:00
2026-08-18,queenston-lewiston,15,2026-08-19T03:56:39+00:00
2026-08-18,sarnia-port-huron,0,2026-08-19T03:56:39+00:00
2026-08-18,windsor-detroit,0,2026-08-19T03:56:39+00:00
2026-08-19,coutts-sweetgrass,20,2026-08-20T00:42:39+00:00
2026-08-19,emerson-pembina,0,2026-08-20T00:42:39+00:00
2026-08-19,fort-erie-buffalo,19,2026-08-20T00:42:39+00:00
2026-08-19,lacolle-champlain,0,2026-08-20T00:42:39+00:00
2026-08-19,lansdowne-alexandria,0,2026-08-20T00:42:39+00:00
2026-08-19,pacific-blaine,5,2026-08-20T00:42:39+00:00
2026-08-19,queenston-lewiston,7,2026-08-20T00:42:39+00:00
2026-08-19,sarnia-port-huron,0,2026-08-20T00:42:39+00:00
2026-08-19,windsor-detroit,10,2026-08-20T00:42:39+00:00
2026-08-21,coutts-sweetgrass,0,2026-08-22T03:44:08+00:00
2026-08-21,emerson-pembina,0,2026-08-22T03:44:08+00:00
2026-08-21,fort-erie-buffalo,15,2026-08-22T03:44:08+00:00
2026-08-21,lacolle-champlain,0,2026-08-22T03:44:08+00:00
2026-08-21,lansdowne-alexandria,5,2026-08-22T03:44:08+00:00
2026-08-21,pacific-blaine,30,2026-08-22T03:44:08+00:00
2026-08-21,queenston-lewiston,12,2026-08-22T03:44:08+00:00
2026-08-21,sarnia-port-huron,0,2026-08-22T03:44:08+00:00
2026-08-21,windsor-detroit,0,2026-08-22T03:44:08+00:00
2026-08-22,coutts-sweetgrass,0,2026-08-23T03:37:33+00:00
2026-08-22,emerson-pembina,0,2026-08-23T03:37:33+00:00
2026-08-22,fort-erie-buffalo,7,2026-08-23T03:37:33+00:00
2026-08-22,lacolle-champlain,0,2026-08-23T03:37:33+00:00
2026-08-22,lansdowne-alexandria,0,2026-08-23T03:37:33+00:00
2026-08-22,pacific-blaine,5,2026-08-23T03:37:33+00:00
2026-08-22,queenston-lewiston,1,2026-08-23T03:37:33+00:00
2026-08-22,sarnia-port-huron,0,2026-08-23T03:37:33+00:00
2026-08-22,windsor-detroit,0,2026-08-23T03:37:33+00:00
2026-08-23,coutts-sweetgrass,0,2026-08-24T01:25:59+00:00
2026-08-23,emerson-pembina,0,2026-08-24T01:25:59+00:00
2026-08-23,fort-erie-buffalo,10,2026-08-24T01:25:59+00:00
2026-08-23,lacolle-champlain,0,2026-08-24T01:25:59+00:00
2026-08-23,lansdowne-alexandria,0,2026-08-24T01:25:59+00:00
2026-08-23,pacific-blaine,5,2026-08-24T01:25:59+00:00
2026-08-23,queenston-lewiston,0,2026-08-24T01:25:59+00:00
2026-08-23,sarnia-port-huron,0,2026-08-24T01:25:59+00:00
2026-08-23,windsor-detroit,0,2026-08-24T01:25:59+00:00
2026-08-24,coutts-sweetgrass,0,2026-08-25T03:43:55+00:00
2026-08-24,emerson-pembina,0,2026-08-25T03:43:55+00:00
2026-08-24,fort-erie-buffalo,5,2026-08-25T03:43:55+00:00
2026-08-24,lacolle-champlain,0,2026-08-25T03:43:55+00:00
2026-08-24,lansdowne-alexandria,0,2026-08-25T03:43:55+00:00
2026-08-24,pacific-blaine,5,2026-08-25T03:43:55+00:00
2026-08-24,queenston-lewiston,2,2026-08-25T03:43:55+00:00
2026-08-24,sarnia-port-huron,0,2026-08-25T03:43:55+00:00
2026-08-24,windsor-detroit,0,2026-08-25T03:43:55+00:00
2026-08-25,coutts-sweetgrass,0,2026-08-26T01:25:06+00:00
2026-08-25,emerson-pembina,0,2026-08-26T01:25:06+00:00
2026-08-25,fort-erie-buffalo,4,2026-08-26T01:25:06+00:00
2026-08-25,lacolle-champlain,0,2026-08-26T01:25:06+00:00
2026-08-25,lansdowne-alexandria,0,2026-08-26T01:25:06+00:00
2026-08-25,pacific-blaine,5,2026-08-26T01:25:06+00:00
2026-08-25,queenston-lewiston,1,2026-08-26T01:25:06+00:00
2026-08-25,sarnia-port-huron,0,2026-08-26T01:25:06+00:00
2026-08-25,windsor-detroit,70,2026-08-26T01:25:06+00:00
2026-08-26,coutts-sweetgrass,0,2026-08-27T03:38:49+00:00
2026-08-26,emerson-pembina,0,2026-08-27T03:38:49+00:00
2026-08-26,fort-erie-buffalo,4,2026-08-27T03:38:49+00:00
2026-08-26,lacolle-champlain,0,2026-08-27T03:38:49+00:00
2026-08-26,lansdowne-alexandria,0,2026-08-27T03:38:49+00:00
2026-08-26,pacific-blaine,10,2026-08-27T03:38:49+00:00
2026-08-26,queenston-lewiston,30,2026-08-27T03:38:49+00:00
2026-08-26,sarnia-port-huron,0,2026-08-27T03:38:49+00:00
2026-08-26,windsor-detroit,15,2026-08-27T03:38:49+00:00
2026-08-27,coutts-sweetgrass,0,2026-08-28T03:33:57+00:00
2026-08-27,emerson-pembina,0,2026-08-28T03:33:57+00:00
2026-08-27,fort-erie-buffalo,2,2026-08-28T03:33:57+00:00
2026-08-27,lacolle-champlain,0,2026-08-28T03:33:57+00:00
2026-08-27,lansdowne-alexandria,0,2026-08-28T03:33:57+00:00
2026-08-27,pacific-blaine,15,2026-08-28T03:33:57+00:00
2026-08-27,queenston-lewiston,14,2026-08-28T03:33:57+00:00
2026-08-27,sarnia-port-huron,0,2026-08-28T03:33:57+00:00
2026-08-27,windsor-detroit,0,2026-08-28T03:33:57+00:00
2026-08-28,coutts-sweetgrass,0,2026-08-29T03:29:06+00:00
2026-08-28,emerson-pembina,0,2026-08-29T03:29:06+00:00
2026-08-28,fort-erie-buffalo,5,2026-08-29T03:29:06+00:00
2026-08-28,lacolle-champlain,0,2026-08-29T03:29:06+00:00
2026-08-28,lansdowne-alexandria,0,2026-08-29T03:29:06+00:00
2026-08-28,pacific-blaine,30,2026-08-29T03:29:06+00:00
2026-08-28,queenston-lewiston,1,2026-08-29T03:29:06+00:00
2026-08-28,sarnia-port-huron,45,2026-08-29T03:29:06+00:00
2026-08-28,windsor-detroit,0,2026-08-29T03:29:06+00:00
2026-08-29,coutts-sweetgrass,0,2026-08-30T03:58:40+00:00
2026-08-29,emerson-pembina,0,2026-08-30T03:58:40+00:00
2026-08-29,fort-erie-buffalo,1,2026-08-30T03:58:40+00:00
2026-08-29,lacolle-champlain,0,2026-08-30T03:58:40+00:00
2026-08-29,lansdowne-alexandria,0,2026-08-30T03:58:40+00:00
2026-08-29,pacific-blaine,5,2026-08-30T03:58:40+00:00
2026-08-29,queenston-lewiston,1,2026-08-30T03:58:40+00:00
2026-08-29,sarnia-port-huron,0,2026-08-30T03:58:40+00:00
2026-08-29,windsor-detroit,0,2026-08-30T03:58:40+00:00
2026-08-30,coutts-sweetgrass,0,2026-08-31T03:45:45+00:00
2026-08-30,emerson-pembina,0,2026-08-31T03:45:45+00:00
2026-08-30,fort-erie-buffalo,5,2026-08-31T03:45:45+00:00
2026-08-30,lacolle-champlain,0,2026-08-31T03:45:45+00:00
2026-08-30,lansdowne-alexandria,0,2026-08-31T03:45:45+00:00
2026-08-30,pacific-blaine,5,2026-08-31T03:45:45+00:00
2026-08-30,queenston-lewiston,1,2026-08-31T03:45:45+00:00
2026-08-30,sarnia-port-huron,0,2026-08-31T03:45:45+00:00
2026-08-30,windsor-detroit,0,2026-08-31T03:45:45+00:00
2026-08-31,coutts-sweetgrass,0,2026-09-01T03:32:19+00:00
2026-08-31,emerson-pembina,0,2026-09-01T03:32:19+00:00
2026-08-31,fort-erie-buffalo,3,2026-09-01T03:32:19+00:00
2026-08-31,lacolle-champlain,0,2026-09-01T03:32:19+00:00
2026-08-31,lansdowne-alexandria,0,2026-09-01T03:32:19+00:00
2026-08-31,pacific-blaine,10,2026-09-01T03:32:19+00:00
2026-08-31,queenston-lewiston,2,2026-09-01T03:32:19+00:00
2026-08-31,sarnia-port-huron,0,2026-09-01T03:32:19+00:00
2026-08-31,windsor-detroit,0,2026-09-01T03:32:19+00:00
2026-09-01,coutts-sweetgrass,0,2026-09-02T03:49:54+00:00
2026-09-01,emerson-pembina,0,2026-09-02T03:49:54+00:00
2026-09-01,fort-erie-buffalo,7,2026-09-02T03:49:54+00:00
2026-09-01,lacolle-champlain,0,2026-09-02T03:49:54+00:00
2026-09-01,lansdowne-alexandria,0,2026-09-02T03:49:54+00:00
2026-09-01,pacific-blaine,10,2026-09-02T03:49:54+00:00
2026-09-01,queenston-lewiston,14,2026-09-02T03:49:54+00:00
2026-09-01,sarnia-port-huron,0,2026-09-02T03:49:54+00:00
2026-09-01,windsor-detroit,0,2026-09-02T03:49:54+00:00
2026-09-02,coutts-sweetgrass,0,2026-09-03T03:36:29+00:00
2026-09-02,emerson-pembina,15,2026-09-03T03:36:29+00:00
2026-09-02,fort-erie-buffalo,11,2026-09-03T03:36:29+00:00
2026-09-02,lacolle-champlain,0,2026-09-03T03:36:29+00:00
2026-09-02,lansdowne-alexandria,0,2026-09-03T03:36:29+00:00
2026-09-02,pacific-blaine,5,2026-09-03T03:36:29+00:00
2026-09-02,queenston-lewiston,21,2026-09-03T03:36:29+00:00
2026-09-02,sarnia-port-huron,0,2026-09-03T03:36:29+00:00
2026-09-02,windsor-detroit,0,2026-09-03T03:36:29+00:00
2026-09-03,coutts-sweetgrass,0,2026-09-04T03:48:05+00:00
2026-09-03,emerson-pembina,0,2026-09-04T03:48:05+00:00
2026-09-03,fort-erie-buffalo,1,2026-09-04T03:48:05+00:00
2026-09-03,lacolle-champlain,0,2026-09-04T03:48:05+00:00
2026-09-03,lansdowne-alexandria,0,2026-09-04T03:48:05+00:00
2026-09-03,pacific-blaine,5,2026-09-04T03:48:05+00:00
2026-09-03,queenston-lewiston,33,2026-09-04T03:48:05+00:00
2026-09-03,sarnia-port-huron,0,2026-09-04T03:48:05+00:00
2026-09-03,windsor-detroit,0,2026-09-04T03:48:05+00:00
2026-09-04,coutts-sweetgrass,0,2026-09-05T03:34:43+00:00
2026-09-04,emerson-pembina,10,2026-09-05T03:34:43+00:00
2026-09-04,fort-erie-buffalo,10,2026-09-05T03:34:43+00:00
2026-09-04,lacolle-champlain,0,2026-09-05T03:34:43+00:00
2026-09-04,lansdowne-alexandria,0,2026-09-05T03:34:43+00:00
2026-09-04,pacific-blaine,30,2026-09-05T03:34:43+00:00
2026-09-04,queenston-lewiston,0,2026-09-05T03:34:43+00:00
2026-09-04,sarnia-port-huron,15,2026-09-05T03:34:43+00:00
2026-09-04,windsor-detroit,20,2026-09-05T03:34:43+00:00
2026-09-05,coutts-sweetgrass,0,2026-09-06T03:53:22+00:00
2026-09-05,emerson-pembina,0,2026-09-06T03:53:22+00:00
2026-09-05,fort-erie-buffalo,6,2026-09-06T03:53:22+00:00
2026-09-05,lacolle-champlain,0,2026-09-06T03:53:22+00:00
2026-09-05,lansdowne-alexandria,0,2026-09-06T03:53:22+00:00
2026-09-05,pacific-blaine,5,2026-09-06T03:53:22+00:00
2026-09-05,queenston-lewiston,1,2026-09-06T03:53:22+00:00
2026-09-05,sarnia-port-huron,0,2026-09-06T03:53:22+00:00
2026-09-05,windsor-detroit,0,2026-09-06T03:53:22+00:00
2026-09-06,coutts-sweetgrass,0,2026-09-07T03:39:55+00:00
2026-09-06,emerson-pembina,0,2026-09-07T03:39:55+00:00
2026-09-06,fort-erie-buffalo,1,2026-09-07T03:39:55+00:00
2026-09-06,lacolle-champlain,0,2026-09-07T03:39:55+00:00
2026-09-06,lansdowne-alexandria,0,2026-09-07T03:39:55+00:00
2026-09-06,pacific-blaine,5,2026-09-07T03:39:55+00:00
2026-09-06,queenston-lewiston,0,2026-09-07T03:39:55+00:00
2026-09-06,sarnia-port-huron,0,2026-09-07T03:39:55+00:00
2026-09-06,windsor-detroit,0,2026-09-07T03:39:55+00:00
2026-09-07,coutts-sweetgrass,0,2026-09-08T03:57:34+00:00
2026-09-07,emerson-pembina,0,2026-09-08T03:57:34+00:00
2026-09-07,fort-erie-buffalo,3,2026-09-08T03:57:34+00:00
2026-09-07,lacolle-champlain,0,2026-09-08T03:57:34+00:00
2026-09-07,lansdowne-alexandria,0,2026-09-08T03:57:34+00:00
2026-09-07,pacific-blaine,5,2026-09-08T03:57:34+00:00
2026-09-07,queenston-lewiston,0,2026-09-08T03:57:34+00:00
2026-09-07,sarnia-port-huron,0,2026-09-08T03:57:34+00:00
2026-09-07,windsor-detroit,0,2026-09-08T03:57:34+00:00
2026-09-08,coutts-sweetgrass,0,2026-09-09T03:44:05+00:00
2026-09-08,emerson-pembina,0,2026-09-09T03:44:05+00:00
2026-09-08,fort-erie-buffalo,4,2026-09-09T03:44:05+00:00
2026-09-08,lacolle-champlain,0,2026-09-09T03:44:05+00:00
2026-09-08,lansdowne-alexandria,0,2026-09-09T03:44:05+00:00
2026-09-08,pacific-blaine,5,2026-09-09T03:44:05+00:00
2026-09-08,queenston-lewiston,3,2026-09-09T03:44:05+00:00
2026-09-08,sarnia-port-huron,0,2026-09-09T03:44:05+00:00
2026-09-08,windsor-detroit,0,2026-09-09T03:44:05+00:00
2026-09-09,coutts-sweetgrass,0,2026-09-10T03:44:15+00:00
2026-09-09,emerson-pembina,0,2026-09-10T03:44:15+00:00
2026-09-09,fort-erie-buffalo,4,2026-09-10T03:44:15+00:00
2026-09-09,lacolle-champlain,0,2026-09-10T03:44:15+00:00
2026-09-09,lansdowne-alexandria,0,2026-09-10T03:44:15+00:00
2026-09-09,pacific-blaine,5,2026-09-10T03:44:15+00:00
2026-09-09,queenston-lewiston,27,2026-09-10T03:44:15+00:00
2026-09-09,sarnia-port-huron,0,2026-09-10T03:44:15+00:00
2026-09-09,windsor-detroit,0,2026-09-10T03:44:15+00:00
2026-09-10,coutts-sweetgrass,0,2026-09-11T03:49:07+00:00
2026-09-10,emerson-pembina,0,2026-09-11T03:49:07+00:00
2026-09-10,fort-erie-buffalo,1,2026-09-11T03:49:07+00:00
2026-09-10,lacolle-champlain,0,2026-09-11T03:49:07+00:00
2026-09-10,lansdowne-alexandria,0,2026-09-11T03:49:07+00:00
2026-09-10,pacific-blaine,5,2026-09-11T03:49:07+00:00
2026-09-10,queenston-lewiston,17,2026-09-11T03:49:07+00:00
2026-09-10,sarnia-port-huron,15,2026-09-11T03:49:07+00:00
2026-09-10,windsor-detroit,0,2026-09-11T03:49:07+00:00
2026-09-11,coutts-sweetgrass,20,2026-09-12T03:53:29+00:00
2026-09-11,emerson-pembina,0,2026-09-12T03:53:29+00:00
2026-09-11,fort-erie-buffalo,3,2026-09-12T03:53:29+00:00
2026-09-11,lacolle-champlain,0,2026-09-12T03:53:29+00:00
2026-09-11,lansdowne-alexandria,0,2026-09-12T03:53:29+00:00
2026-09-11,pacific-blaine,70,2026-09-12T03:53:29+00:00
2026-09-11,queenston-lewiston,19,2026-09-12T03:53:29+00:00
2026-09-11,sarnia-port-huron,0,2026-09-12T03:53:29+00:00
2026-09-11,windsor-detroit,0,2026-09-12T03:53:29+00:00
2026-09-12,coutts-sweetgrass,0,2026-09-13T03:58:05+00:00
2026-09-12,emerson-pembina,0,2026-09-13T03:58:05+00:00
2026-09-12,fort-erie-buffalo,16,2026-09-13T03:58:05+00:00
2026-09-12,lacolle-champlain,0,2026-09-13T03:58:05+00:00
2026-09-12,lansdowne-alexandria,0,2026-09-13T03:58:05+00:00
2026-09-12,pacific-blaine,20,2026-09-13T03:58:05+00:00
2026-09-12,queenston-lewiston,2,2026-09-13T03:58:05+00:00
2026-09-12,sarnia-port-huron,0,2026-09-13T03:58:05+00:00
2026-09-12,windsor-detroit,0,2026-09-13T03:58:05+00:00
2026-09-13,coutts-sweetgrass,0,2026-09-13T22:01:32+00:00
2026-09-13,emerson-pembina,0,2026-09-13T22:01:32+00:00
2026-09-13,fort-erie-buffalo,11,2026-09-13T22:01:32+00:00
2026-09-13,lacolle-champlain,0,2026-09-13T22:01:32+00:00
2026-09-13,lansdowne-alexandria,0,2026-09-13T22:01:32+00:00
2026-09-13,pacific-blaine,5,2026-09-13T22:01:32+00:00
2026-09-13,queenston-lewiston,2,2026-09-13T22:01:32+00:00
2026-09-13,sarnia-port-huron,0,2026-09-13T22:01:32+00:00
2026-09-13,windsor-detroit,0,2026-09-13T22:01:32+00:00
2026-09-14,coutts-sweetgrass,5,2026-09-14T22:09:13+00:00
2026-09-14,emerson-pembina,0,2026-09-14T22:09:13+00:00
2026-09-14,fort-erie-buffalo,2,2026-09-14T22:09:13+00:00
2026-09-14,lacolle-champlain,0,2026-09-14T22:09:13+00:00
2026-09-14,lansdowne-alexandria,0,2026-09-14T22:09:13+00:00
2026-09-14,pacific-blaine,20,2026-09-14T22:09:13+00:00
2026-09-14,queenston-lewiston,2,2026-09-14T22:09:13+00:00
2026-09-14,sarnia-port-huron,0,2026-09-14T22:09:13+00:00
2026-09-14,windsor-detroit,0,2026-09-14T22:09:13+00:00
2026-09-15,coutts-sweetgrass,0,2026-09-15T22:13:57+00:00
2026-09-15,emerson-pembina,0,2026-09-15T22:13:57+00:00
2026-09-15,fort-erie-buffalo,12,2026-09-15T22:13:57+00:00
2026-09-15,lacolle-champlain,5,2026-09-15T22:13:57+00:00
2026-09-15,lansdowne-alexandria,0,2026-09-15T22:13:57+00:00
2026-09-15,pacific-blaine,5,2026-09-15T22:13:57+00:00
2026-09-15,queenston-lewiston,2,2026-09-15T22:13:57+00:00
2026-09-15,sarnia-port-huron,10,2026-09-15T22:13:57+00:00
2026-09-15,windsor-detroit,20,2026-09-15T22:13:57+00:00
2026-09-16,coutts-sweetgrass,0,2026-09-16T22:19:38+00:00
2026-09-16,emerson-pembina,0,2026-09-16T22:19:38+00:00
2026-09-16,fort-erie-buffalo,1,2026-09-16T22:19:38+00:00
2026-09-16,lacolle-champlain,0,2026-09-16T22:19:38+00:00
2026-09-16,lansdowne-alexandria,0,2026-09-16T22:19:38+00:00
2026-09-16,pacific-blaine,5,2026-09-16T22:19:38+00:00
2026-09-16,queenston-lewiston,4,2026-09-16T22:19:38+00:00
2026-09-16,sarnia-port-huron,0,2026-09-16T22:19:38+00:00
2026-09-16,windsor-detroit,0,2026-09-16T22:19:38+00:00
2026-09-17,coutts-sweetgrass,0,2026-09-17T22:24:05+00:00
2026-09-17,emerson-pembina,0,2026-09-17T22:24:05+00:00
2026-09-17,fort-erie-buffalo,9,2026-09-17T22:24:05+00:00
2026-09-17,lacolle-champlain,0,2026-09-17T22:24:05+00:00
2026-09-17,lansdowne-alexandria,0,2026-09-17T22:24:05+00:00
2026-09-17,pacific-blaine,10,2026-09-17T22:24:05+00:00
2026-09-17,queenston-lewiston,2,2026-09-17T22:24:05+00:00
2026-09-17,sarnia-port-huron,10,2026-09-17T22:24:05+00:00
2026-09-17,windsor-detroit,10,2026-09-17T22:24:05+00:00
2026-09-18,coutts-sweetgrass,0,2026-09-18T22:28:41+00:00
2026-09-18,emerson-pembina,0,2026-09-18T22:28:41+00:00
2026-09-18,fort-erie-buffalo,1,2026-09-18T22:28:41+00:00
2026-09-18,lacolle-champlain,0,2026-09-18T22:28:41+00:00
2026-09-18,lansdowne-alexandria,0,2026-09-18T22:28:41+00:00
2026-09-18,pacific-blaine,5,2026-09-18T22:28:41+00:00
2026-09-18,queenston-lewiston,8,2026-09-18T22:28:41+00:00
2026-09-18,sarnia-port-huron,0,2026-09-18T22:28:41+00:00
2026-09-18,windsor-detroit,5,2026-09-18T22:28:41+00:00
2026-09-19,coutts-sweetgrass,0,2026-09-19T22:33:18+00:00
2026-09-19,emerson-pembina,0,2026-09-19T22:33:18+00:00
2026-09-19,fort-erie-buffalo,1,2026-09-19T22:33:18+00:00
2026-09-19,lacolle-champlain,0,2026-09-19T22:33:18+00:00
2026-09-19,lansdowne-alexandria,0,2026-09-19T22:33:18+00:00
2026-09-19,pacific-blaine,5,2026-09-19T22:33:18+00:00
2026-09-19,queenston-lewiston,2,2026-09-19T22:33:18+00:00
2026-09-19,sarnia-port-huron,0,2026-09-19T22:33:18+00:00
2026-09-19,windsor-detroit,15,2026-09-19T22:33:18+00:00
2026-09-20,coutts-sweetgrass,0,2026-09-21T03:31:59+00:00
2026-09-20,emerson-pembina,0,2026-09-21T03:31:59+00:00
2026-09-20,fort-erie-buffalo,2,2026-09-21T03:31:59+00:00
2026-09-20,lacolle-champlain,0,2026-09-21T03:31:59+00:00
2026-09-20,lansdowne-alexandria,10,2026-09-21T03:31:59+00:00
2026-09-20,pacific-blaine,5,2026-09-21T03:31:59+00:00
2026-09-20,queenston-lewiston,0,2026-09-21T03:31:59+00:00
2026-09-20,sarnia-port-huron,0,2026-09-21T03:31:59+00:00
2026-09-20,windsor-detroit,0,2026-09-21T03:31:59+00:00
2026-09-21,coutts-sweetgrass,0,2026-09-22T03:49:37+00:00
2026-09-21,emerson-pembina,0,2026-09-22T03:49:37+00:00
2026-09-21,fort-erie-buffalo,2,2026-09-22T03:49:37+00:00
2026-09-21,lacolle-champlain,0,2026-09-22T03:49:37+00:00
2026-09-21,lansdowne-alexandria,0,2026-09-22T03:49:37+00:00
2026-09-21,pacific-blaine,5,2026-09-22T03:49:37+00:00
2026-09-21,queenston-lewiston,27,2026-09-22T03:49:37+00:00
2026-09-21,sarnia-port-huron,0,2026-09-22T03:49:37+00:00
2026-09-21,windsor-detroit,0,2026-09-22T03:49:37+00:00
2026-09-22,coutts-sweetgrass,0,2026-09-23T03:36:12+00:00
2026-09-22,emerson-pembina,0,2026-09-23T03:36:12+00:00
2026-09-22,fort-erie-buffalo,6,2026-09-23T03:36:12+00:00
2026-09-22,lacolle-champlain,0,2026-09-23T03:36:12+00:00
2026-09-22,lansdowne-alexandria,0,2026-09-23T03:36:12+00:00
2026-09-22,pacific-blaine,5,2026-09-23T03:36:12+00:00
2026-09-22,queenston-lewiston,15,2026-09-23T03:36:12+00:00
2026-09-22,sarnia-port-huron,0,2026-09-23T03:36:12+00:00
2026-09-22,windsor-detroit,0,2026-09-23T03:36:12+00:00
2026-09-23,coutts-sweetgrass,0,2026-09-24T03:34:49+00:00
2026-09-23,emerson-pembina,0,2026-09-24T03:34:49+00:00
2026-09-23,fort-erie-buffalo,13,2026-09-23T22:52:42+00:00
2026-09-23,lacolle-champlain,0,2026-09-24T03:34:49+00:00
2026-09-23,lansdowne-alexandria,0,2026-09-23T22:52:42+00:00
2026-09-23,pacific-blaine,15,2026-09-24T03:34:49+00:00
2026-09-23,queenston-lewiston,7,2026-09-23T22:52:42+00:00
2026-09-23,sarnia-port-huron,0,2026-09-23T22:52:42+00:00
2026-09-23,windsor-detroit,20,2026-09-24T03:34:49+00:00
2026-09-24,coutts-sweetgrass,0,2026-09-25T03:52:24+00:00
2026-09-24,emerson-pembina,0,2026-09-25T03:52:24+00:00
2026-09-24,fort-erie-buffalo,13,2026-09-23T22:52:42+00:00
2026-09-24,lacolle-champlain,0,2026-09-25T03:52:24+00:00
2026-09-24,lansdowne-alexandria,0,2026-09-23T22:52:42+00:00
2026-09-24,pacific-blaine,5,2026-09-25T03:52:24+00:00
2026-09-24,queenston-lewiston,7,2026-09-23T22:52:42+00:00
2026-09-24,sarnia-port-huron,0,2026-09-23T22:52:42+00:00
2026-09-24,windsor-detroit,0,2026-09-25T03:52:24+00:00
2026-09-25,coutts-sweetgrass,0,2026-09-26T03:39:00+00:00
2026-09-25,emerson-pembina,0,2026-09-26T03:39:00+00:00
2026-09-25,fort-erie-buffalo,13,2026-09-23T22:52:42+00:00
2026-09-25,lacolle-champlain,0,2026-09-26T03:39:00+00:00
2026-09-25,lansdowne-alexandria,0,2026-09-23T22:52:42+00:00
2026-09-25,pacific-blaine,15,2026-09-26T03:39:00+00:00
2026-09-25,queenston-lewiston,7,2026-09-23T22:52:42+00:00
2026-09-25,sarnia-port-huron,0,2026-09-23T22:52:42+00:00
2026-09-25,windsor-detroit,20,2026-09-26T03:39:00+00:00
2026-09-26,coutts-sweetgrass,0,2026-09-27T03:58:56+00:00
2026-09-26,emerson-pembina,0,2026-09-27T03:58:56+00:00
2026-09-26,fort-erie-buffalo,13,2026-09-23T22:52:42+00:00
2026-09-26,lacolle-champlain,0,2026-09-27T03:58:56+00:00
2026-09-26,lansdowne-alexandria,0,2026-09-23T22:52:42+00:00
2026-09-26,pacific-blaine,5,2026-09-27T03:58:56+00:00
2026-09-26,queenston-lewiston,7,2026-09-23T22:52:42+00:00
2026-09-26,sarnia-port-huron,0,2026-09-23T22:52:42+00:00
2026-09-26,windsor-detroit,0,2026-09-27T03:58:56+00:00
2026-09-27,coutts-sweetgrass,0,2026-09-28T03:54:11+00:00
2026-09-27,emerson-pembina,0,2026-09-28T03:54:11+00:00
2026-09-27,fort-erie-buffalo,13,2026-09-23T22:52:42+00:00
2026-09-27,lacolle-champlain,0,2026-09-28T03:54:11+00:00
2026-09-27,lansdowne-alexandria,0,2026-09-23T22:52:42+00:00
2026-09-27,pacific-blaine,5,2026-09-28T03:54:11+00:00
2026-09-27,queenston-lewiston,7,2026-09-23T22:52:42+00:00
2026-09-27,sarnia-port-huron,0,2026-09-23T22:52:42+00:00
2026-09-27,windsor-detroit,0,2026-09-28T03:54:11+00:00
2026-09-28,coutts-sweetgrass,0,2026-09-29T03:42:46+00:00
2026-09-28,emerson-pembina,0,2026-09-29T03:42:46+00:00
2026-09-28,fort-erie-buffalo,13,2026-09-23T22:52:42+00:00
2026-09-28,lacolle-champlain,110,2026-09-29T03:42:46+00:00
2026-09-28,lansdowne-alexandria,0,2026-09-23T22:52:42+00:00
2026-09-28,pacific-blaine,5,2026-09-29T03:42:46+00:00
2026-09-28,queenston-lewiston,7,2026-09-23T22:52:42+00:00
2026-09-28,sarnia-port-huron,0,2026-09-23T22:52:42+00:00
2026-09-28,windsor-detroit,0,2026-09-29T03:42:46+00:00
2026-09-29,coutts-sweetgrass,0,2026-09-30T03:33:20+00:00
2026-09-29,emerson-pembina,0,2026-09-30T03:33:20+00:00
2026-09-29,fort-erie-buffalo,13,2026-09-23T22:52:42+00:00
2026-09-29,lacolle-champlain,0,2026-09-30T03:33:20+00:00
2026-09-29,lansdowne-alexandria,0,2026-09-23T22:52:42+00:00
2026-09-29,pacific-blaine,5,2026-09-30T03:33:20+00:00
2026-09-29,queenston-lewiston,7,2026-09-23T22:52:42+00:00
2026-09-29,sarnia-port-huron,0,2026-09-23T22:52:42+00:00
2026-09-29,windsor-detroit,0,2026-09-30T03:33:20+00:00
2026-09-30,coutts-sweetgrass,0,2026-10-01T03:54:06+00:00
2026-09-30,emerson-pembina,20,2026-10-01T03:54:06+00:00
2026-09-30,fort-erie-buffalo,13,2026-09-23T22:52:42+00:00
2026-09-30,lacolle-champlain,0,2026-10-01T03:54:06+00:00
2026-09-30,lansdowne-alexandria,0,2026-09-23T22:52:42+00:00
2026-09-30,pacific-blaine,5,2026-10-01T03:54:06+00:00
2026-09-30,queenston-lewiston,7,2026-09-23T22:52:42+00:00
2026-09-30,sarnia-port-huron,0,2026-09-23T22:52:42+00:00
2026-09-30,windsor-detroit,0,2026-10-01T03:54:06+00:00
2026-10-01,coutts-sweetgrass,0,2026-10-02T03:48:39+00:00
2026-10-01,emerson-pembina,0,2026-10-02T03:48:39+00:00
2026-10-01,fort-erie-buffalo,13,2026-09-23T22:52:42+00:00
2026-10-01,lacolle-champlain,0,2026-10-02T03:48:39+00:00
2026-10-01,lansdowne-alexandria,0,2026-09-23T22:52:42+00:00
2026-10-01,pacific-blaine,10,2026-10-02T03:48:39+00:00
2026-10-01,queenston-lewiston,7,2026-09-23T22:52:42+00:00
2026-10-01,sarnia-port-huron,0,2026-09-23T22:52:42+00:00
2026-10-01,windsor-detroit,0,2026-10-02T03:48:39+00:00
2026-10-02,coutts-sweetgrass,0,2026-10-03T03:42:29+00:00
2026-10-02,emerson-pembina,0,2026-10-03T03:42:29+00:00
2026-10-02,fort-erie-buffalo,13,2026-09-23T22:52:42+00:00
2026-10-02,lacolle-champlain,0,2026-10-03T03:42:29+00:00
2026-10-02,lansdowne-alexandria,0,2026-09-23T22:52:42+00:00
2026-10-02,pacific-blaine,5,2026-10-03T03:42:29+00:00
2026-10-02,queenston-lewiston,7,2026-09-23T22:52:42+00:00
2026-10-02,sarnia-port-huron,0,2026-09-23T22:52:42+00:00
2026-10-02,windsor-detroit,5,2026-10-03T03:42:29+00:00
2026-10-03,coutts-sweetgrass,0,2026-10-04T03:41:53+00:00
2026-10-03,emerson-pembina,0,2026-10-04T03:41:53+00:00
2026-10-03,fort-erie-buffalo,13,2026-09-23T22:52:42+00:00
2026-10-03,lacolle-champlain,0,2026-10-04T03:41:53+00:00
2026-10-03,lansdowne-alexandria,0,2026-09-23T22:52:42+00:00
2026-10-03,pacific-blaine,5,2026-10-04T03:41:53+00:00
2026-10-03,queenston-lewiston,7,2026-09-23T22:52:42+00:00
2026-10-03,sarnia-port-huron,0,2026-09-23T22:52:42+00:00
2026-10-03,windsor-detroit,15,2026-10-04T03:41:53+00:00
2026-10-04,coutts-sweetgrass,0,2026-10-05T03:28:53+00:00
2026-10-04,emerson-pembina,0,2026-10-05T03:28:53+00:00
2026-10-04,fort-erie-buffalo,13,2026-09-23T22:52:42+00:00
2026-10-04,lacolle-champlain,0,2026-10-05T03:28:53+00:00
2026-10-04,lansdowne-alexandria,0,2026-09-23T22:52:42+00:00
2026-10-04,pacific-blaine,5,2026-10-05T03:28:53+00:00
2026-10-04,queenston-lewiston,7,2026-09-23T22:52:42+00:00
2026-10-04,sarnia-port-huron,0,2026-09-23T22:52:42+00:00
2026-10-04,windsor-detroit,30,2026-10-05T03:28:53+00:00
2026-10-05,us-alexandria-bay-thousand-islands-bridge,0,10/5/2026 22:58:33
2026-10-05,us-blaine-pacific-highway,0,10/5/2026 19:58:33
2026-10-05,us-brownsville-los-indios,0,10/5/2026 21:58:34
2026-10-05,us-brownsville-veterans-international,0,10/5/2026 21:58:34
2026-10-05,us-buffalo-niagara-falls-lewiston-bridge,4,10/5/2026 22:58:33
2026-10-05,us-buffalo-niagara-falls-peace-bridge,3,10/5/2026 22:58:33
2026-10-05,us-calais-international-avenue,0,10/5/2026 22:58:34
2026-10-05,us-calexico-east,110,10/5/2026 19:58:34
2026-10-05,us-champlain,0,10/5/2026 22:58:34
2026-10-05,us-del-rio,0,10/5/2026 21:58:34
2026-10-05,us-derby-line-derby-line-i-91,0,10/5/2026 22:58:34
2026-10-05,us-detroit-ambassador-bridge,5,10/5/2026 22:58:34
2026-10-05,us-detroit-gordie-howe-international-bridge,5,10/5/2026 22:58:34
2026-10-05,us-eagle-pass-bridge-ii,60,10/5/2026 21:58:34
2026-10-05,us-el-paso-ysleta,35,10/5/2026 20:58:34
2026-10-05,us-hidalgo-pharr-pharr,35,10/5/2026 21:58:34
2026-10-05,us-highgate-springs,5,10/5/2026 22:58:34
2026-10-05,us-houlton,0,10/5/2026 22:58:34
2026-10-05,us-international-falls,0,10/5/2026 21:58:34
2026-10-05,us-jackman,0,10/5/2026 22:58:34
2026-10-05,us-laredo-colombia-solidarity,0,10/5/2026 21:58:34
2026-10-05,us-laredo-world-trade-bridge,60,10/5/2026 21:58:34
2026-10-05,us-lynden,5,10/5/2026 19:58:34
2026-10-05,us-madawaska,0,10/5/2026 22:58:34
2026-10-05,us-massena,0,10/5/2026 22:58:34
2026-10-05,us-norton,0,10/5/2026 22:58:34
2026-10-05,us-ogdensburg,0,10/5/2026 22:58:34
2026-10-05,us-otay-mesa-commercial,50,10/5/2026 19:58:34
2026-10-05,us-pembina,12,10/5/2026 21:58:34
2026-10-05,us-port-huron-bluewater-bridge,0,10/5/2026 22:58:34
2026-10-05,us-san-luis-san-luis-ii,0,10/5/2026 20:58:34
2026-10-05,us-santa-teresa-santa-teresa-port-of-entry,10,10/5/2026 20:58:34
2026-10-05,us-sault-ste-marie-international-bridge-ssm,0,10/5/2026 22:58:34
2026-10-05,us-sumas,5,10/5/2026 19:58:34
2026-10-05,us-sweetgrass,30,10/5/2026 20:58:34
2026-10-06,us-alexandria-bay-thousand-islands-bridge,0,10/6/2026 22:59:47
2026-10-06,us-blaine-pacific-highway,5,10/6/2026 19:59:47
2026-10-06,us-brownsville-los-indios,5,10/6/2026 21:59:47
2026-10-06,us-brownsville-veterans-international,5,10/6/2026 21:59:47
2026-10-06,us-buffalo-niagara-falls-lewiston-bridge,0,10/6/2026 22:59:47
2026-10-06,us-buffalo-niagara-falls-peace-bridge,7,10/6/2026 22:59:47
2026-10-06,us-calais-international-avenue,0,10/6/2026 22:59:47
2026-10-06,us-champlain,0,10/6/2026 22:59:47
2026-10-06,us-del-rio,0,10/6/2026 21:59:47
2026-10-06,us-derby-line-derby-line-i-91,0,10/6/2026 22:59:47
2026-10-06,us-detroit-ambassador-bridge,10,10/6/2026 22:59:47
2026-10-06,us-detroit-gordie-howe-international-bridge,0,10/6/2026 22:59:47
2026-10-06,us-eagle-pass-bridge-ii,15,10/6/2026 21:59:47
2026-10-06,us-el-paso-ysleta,30,10/6/2026 20:59:47
2026-10-06,us-hidalgo-pharr-pharr,1,10/6/2026 21:59:47
2026-10-06,us-highgate-springs,5,10/6/2026 22:59:47
2026-10-06,us-houlton,3,10/6/2026 22:59:47
2026-10-06,us-international-falls,0,10/6/2026 21:59:47
2026-10-06,us-jackman,0,10/6/2026 22:59:47
2026-10-06,us-laredo-colombia-solidarity,0,10/6/2026 21:59:47
2026-10-06,us-laredo-world-trade-bridge,45,10/6/2026 21:59:47
2026-10-06,us-lynden,5,10/6/2026 19:59:47
2026-10-06,us-madawaska,0,10/6/2026 22:59:47
2026-10-06,us-massena,0,10/6/2026 22:59:47
2026-10-06,us-norton,0,10/6/2026 22:59:47
2026-10-06,us-ogdensburg,0,10/6/2026 22:59:47
2026-10-06,us-otay-mesa-commercial,25,10/6/2026 19:59:47
2026-10-06,us-pembina,14,10/6/2026 21:59:47
2026-10-06,us-port-huron-bluewater-bridge,0,10/6/2026 22:59:47
2026-10-06,us-san-luis-san-luis-ii,0,10/6/2026 20:59:47
2026-10-06,us-santa-teresa-santa-teresa-port-of-entry,20,10/6/2026 20:59:47
2026-10-06,us-sault-ste-marie-international-bridge-ssm,0,10/6/2026 22:59:47
2026-10-06,us-sumas,5,10/6/2026 19:59:47
2026-10-06,us-sweetgrass,40,10/6/2026 20:59:47
2026-10-07,us-alexandria-bay-thousand-islands-bridge,0,10/7/2026 22:50:41
2026-10-07,us-blaine-pacific-highway,5,10/7/2026 19:50:41
2026-10-07,us-brownsville-los-indios,0,10/7/2026 21:50:42
2026-10-07,us-brownsville-veterans-international,0,10/7/2026 21:50:42
2026-10-07,us-buffalo-niagara-falls-lewiston-bridge,2,10/7/2026 22:50:41
2026-10-07,us-buffalo-niagara-falls-peace-bridge,5,10/7/2026 22:50:41
2026-10-07,us-calais-international-avenue,0,10/7/2026 22:50:41
2026-10-07,us-calexico-east,5,10/7/2026 19:50:42
2026-10-07,us-champlain,0,10/7/2026 22:50:41
2026-10-07,us-del-rio,0,10/7/2026 21:50:42
2026-10-07,us-derby-line-derby-line-i-91,0,10/7/2026 22:50:41
2026-10-07,us-detroit-ambassador-bridge,0,10/7/2026 22:50:41
2026-10-07,us-detroit-gordie-howe-international-bridge,0,10/7/2026 22:50:41
2026-10-07,us-eagle-pass-bridge-ii,10,10/7/2026 21:50:42
2026-10-07,us-el-paso-ysleta,35,10/7/2026 20:50:42
2026-10-07,us-hidalgo-pharr-pharr,0,10/7/2026 21:50:42
2026-10-07,us-highgate-springs,0,10/7/2026 22:50:41
2026-10-07,us-houlton,6,10/7/2026 22:50:41
2026-10-07,us-international-falls,0,10/7/2026 21:50:41
2026-10-07,us-jackman,0,10/7/2026 22:50:41
2026-10-07,us-laredo-colombia-solidarity,0,10/7/2026 21:50:42
2026-10-07,us-laredo-world-trade-bridge,60,10/7/2026 21:50:42
2026-10-07,us-lynden,5,10/7/2026 19:50:42
2026-10-07,us-madawaska,2,10/7/2026 22:50:42
2026-10-07,us-norton,0,10/7/2026 22:50:42
2026-10-07,us-ogdensburg,0,10/7/2026 22:50:42
2026-10-07,us-otay-mesa-commercial,10,10/7/2026 19:50:42
2026-10-07,us-pembina,4,10/7/2026 21:50:42
2026-10-07,us-port-huron-bluewater-bridge,0,10/7/2026 22:50:42
2026-10-07,us-san-luis-san-luis-ii,0,10/7/2026 20:50:42
2026-10-07,us-santa-teresa-santa-teresa-port-of-entry,15,10/7/2026 20:50:42
2026-10-07,us-sault-ste-marie-international-bridge-ssm,0,10/7/2026 22:50:42
2026-10-07,us-sumas,0,10/7/2026 19:50:42
2026-10-07,us-sweetgrass,30,10/7/2026 20:50:42
2026-10-08,us-alexandria-bay-thousand-islands-bridge,10,10/8/2026 22:52:12
2026-10-08,us-blaine-pacific-highway,0,10/8/2026 19:52:12
2026-10-08,us-brownsville-los-indios,0,10/8/2026 21:52:12
2026-10-08,us-brownsville-veterans-international,0,10/8/2026 21:52:12
2026-10-08,us-buffalo-niagara-falls-lewiston-bridge,0,10/8/2026 22:52:12
2026-10-08,us-buffalo-niagara-falls-peace-bridge,4,10/8/2026 22:52:12
2026-10-08,us-calais-international-avenue,0,10/8/2026 22:52:12
2026-10-08,us-calexico-east,20,10/8/2026 19:52:12
2026-10-08,us-champlain,0,10/8/2026 22:52:12
2026-10-08,us-del-rio,0,10/8/2026 21:52:12
2026-10-08,us-derby-line-derby-line-i-91,0,10/8/2026 22:52:12
2026-10-08,us-detroit-ambassador-bridge,5,10/8/2026 22:52:12
2026-10-08,us-detroit-gordie-howe-international-bridge,5,10/8/2026 22:52:12
2026-10-08,us-eagle-pass-bridge-ii,15,10/8/2026 21:52:12
2026-10-08,us-el-paso-ysleta,45,10/8/2026 20:52:12
2026-10-08,us-hidalgo-pharr-pharr,10,10/8/2026 21:52:12
2026-10-08,us-houlton,3,10/8/2026 22:52:12
2026-10-08,us-international-falls,0,10/8/2026 21:52:12
2026-10-08,us-jackman,0,10/8/2026 22:52:12
2026-10-08,us-laredo-colombia-solidarity,30,10/8/2026 21:52:12
2026-10-08,us-laredo-world-trade-bridge,55,10/8/2026 21:52:12
2026-10-08,us-lynden,5,10/8/2026 19:52:12
2026-10-08,us-madawaska,0,10/8/2026 22:52:12
2026-10-08,us-massena,0,10/8/2026 22:52:12
2026-10-08,us-naco,1,10/8/2026 19:52:12
2026-10-08,us-nogales-mariposa,0,10/8/2026 20:52:12
2026-10-08,us-norton,0,10/8/2026 22:52:12
2026-10-08,us-ogdensburg,0,10/8/2026 22:52:12
2026-10-08,us-otay-mesa-commercial,20,10/8/2026 19:52:12
2026-10-08,us-pembina,0,10/8/2026 21:52:12
2026-10-08,us-port-huron-bluewater-bridge,5,10/8/2026 22:52:12
2026-10-08,us-rio-grande-city,0,10/8/2026 21:52:12
2026-10-08,us-san-luis-san-luis-ii,10,10/8/2026 20:52:12
2026-10-08,us-santa-teresa-santa-teresa-port-of-entry,35,10/8/2026 20:52:12
2026-10-08,us-sault-ste-marie-international-bridge-ssm,0,10/8/2026 22:52:12
2026-10-08,us-sweetgrass,40,10/8/2026 20:52:12
2026-10-09,us-alexandria-bay-thousand-islands-bridge,0,10/9/2026 22:57:51
2026-10-09,us-blaine-pacific-highway,0,10/9/2026 19:57:51
2026-10-09,us-brownsville-los-indios,0,10/9/2026 21:57:52
2026-10-09,us-brownsville-veterans-international,5,10/9/2026 21:57:52
2026-10-09,us-buffalo-niagara-falls-lewiston-bridge,3,10/9/2026 22:57:51
2026-10-09,us-buffalo-niagara-falls-peace-bridge,12,10/9/2026 22:57:51
2026-10-09,us-calais-international-avenue,0,10/9/2026 22:57:51
2026-10-09,us-calexico-east,5,10/9/2026 19:57:52
2026-10-09,us-champlain,0,10/9/2026 22:57:51
2026-10-09,us-del-rio,0,10/9/2026 21:57:52
2026-10-09,us-derby-line-derby-line-i-91,0,10/9/2026 22:57:51
2026-10-09,us-detroit-ambassador-bridge,5,10/9/2026 22:57:51
2026-10-09,us-detroit-gordie-howe-international-bridge,0,10/9/2026 22:57:51
2026-10-09,us-eagle-pass-bridge-ii,5,10/9/2026 21:57:52
2026-10-09,us-el-paso-ysleta,40,10/9/2026 20:57:52
2026-10-09,us-hidalgo-pharr-pharr,5,10/9/2026 21:57:52
2026-10-09,us-highgate-springs,0,10/9/2026 22:57:51
2026-10-09,us-houlton,2,10/9/2026 22:57:51
2026-10-09,us-international-falls,0,10/9/2026 21:57:51
2026-10-09,us-jackman,0,10/9/2026 22:57:51
2026-10-09,us-laredo-colombia-solidarity,0,10/9/2026 21:57:52
2026-10-09,us-laredo-world-trade-bridge,45,10/9/2026 21:57:52
2026-10-09,us-lynden,0,10/9/2026 19:57:51
2026-10-09,us-madawaska,0,10/9/2026 22:57:51
2026-10-09,us-massena,0,10/9/2026 22:57:51
2026-10-09,us-norton,0,10/9/2026 22:57:52
2026-10-09,us-ogdensburg,0,10/9/2026 22:57:52
2026-10-09,us-otay-mesa-commercial,5,10/9/2026 19:57:52
2026-10-09,us-pembina,2,10/9/2026 21:57:52
2026-10-09,us-port-huron-bluewater-bridge,13,10/9/2026 22:57:52
2026-10-09,us-san-luis-san-luis-ii,5,10/9/2026 20:57:52
2026-10-09,us-santa-teresa-santa-teresa-port-of-entry,45,10/9/2026 20:57:52
2026-10-09,us-sault-ste-marie-international-bridge-ssm,0,10/9/2026 22:57:52
2026-10-09,us-sumas,5,10/9/2026 19:57:52
2026-10-09,us-sweetgrass,25,10/9/2026 20:57:52
2026-10-10,us-alexandria-bay-thousand-islands-bridge,0,10/10/2026 16:52:12
2026-10-10,us-blaine-pacific-highway,5,10/10/2026 13:52:12
2026-10-10,us-brownsville-los-indios,0,10/10/2026 15:52:12
2026-10-10,us-brownsville-veterans-international,5,10/10/2026 15:52:12
2026-10-10,us-buffalo-niagara-falls-lewiston-bridge,0,10/10/2026 16:52:12
2026-10-10,us-buffalo-niagara-falls-peace-bridge,1,10/10/2026 16:52:12
2026-10-10,us-calais-international-avenue,0,10/10/2026 16:52:12
2026-10-10,us-champlain,0,10/10/2026 16:52:12
2026-10-10,us-del-rio,0,10/10/2026 15:52:12
2026-10-10,us-derby-line-derby-line-i-91,0,10/10/2026 16:52:12
2026-10-10,us-detroit-ambassador-bridge,5,10/10/2026 16:52:12
2026-10-10,us-detroit-gordie-howe-international-bridge,0,10/10/2026 16:52:12
2026-10-10,us-douglas-raul-hector-castro,1,10/10/2026 13:52:12
2026-10-10,us-eagle-pass-bridge-ii,5,10/10/2026 15:52:12
2026-10-10,us-hidalgo-pharr-pharr,0,10/10/2026 15:52:12
2026-10-10,us-highgate-springs,0,10/10/2026 16:52:12
2026-10-10,us-houlton,2,10/10/2026 16:52:12
2026-10-10,us-international-falls,0,10/10/2026 15:52:12
2026-10-10,us-jackman,0,10/10/2026 16:52:12
2026-10-10,us-laredo-colombia-solidarity,0,10/10/2026 15:52:12
2026-10-10,us-laredo-world-trade-bridge,35,10/10/2026 15:52:12
2026-10-10,us-lynden,0,10/10/2026 13:52:12
2026-10-10,us-madawaska,2,10/10/2026 16:52:12
2026-10-10,us-massena,0,10/10/2026 16:52:12
2026-10-10,us-nogales-mariposa,0,10/10/2026 14:52:12
2026-10-10,us-norton,0,10/10/2026 16:52:12
2026-10-10,us-ogdensburg,0,10/10/2026 16:52:12
2026-10-10,us-otay-mesa-commercial,20,10/10/2026 13:52:12
2026-10-10,us-pembina,6,10/10/2026 15:52:12
2026-10-10,us-port-huron-bluewater-bridge,29,10/10/2026 16:52:12
2026-10-10,us-roma,0,10/10/2026 15:52:12
2026-10-10,us-san-luis-san-luis-ii,5,10/10/2026 14:52:12
2026-10-10,us-sault-ste-marie-international-bridge-ssm,0,10/10/2026 16:52:12
2026-10-10,us-sumas,0,10/10/2026 13:52:12
2026-10-10,us-sweetgrass,20,10/10/2026 14:52:12
