timestamp,national_avg,bc,ab,sk,mb,on,qc,nb,ns,pe,nl
2026-07-17T05:17:49.972843,171.9,178.5,158.9,162.3,165.7,171.2,175.8,173.4,174.9,176.1,182.5
2026-07-17T05:17:56.497747,171.9,178.5,158.9,162.3,165.7,171.2,175.8,173.4,174.9,176.1,182.5
2026-07-17T05:18:11.992073,171.9,178.5,158.9,162.3,165.7,171.2,175.8,173.4,174.9,176.1,182.5
2026-07-17T05:18:12.107721,171.9,178.5,158.9,162.3,165.7,171.2,175.8,173.4,174.9,176.1,182.5
2026-07-17T05:21:11.022240,171.9,178.5,158.9,162.3,165.7,171.2,175.8,173.4,174.9,176.1,182.5
2026-07-17T05:21:11.133247,171.9,178.5,158.9,162.3,165.7,171.2,175.8,173.4,174.9,176.1,182.5
2026-07-17T05:24:33.264895,171.9,178.5,158.9,162.3,165.7,171.2,175.8,173.4,174.9,176.1,182.5
2026-07-17T05:26:20.765015,171.9,178.5,158.9,162.3,165.7,171.2,175.8,173.4,174.9,176.1,182.5
2026-07-17T05:26:20.832669,171.9,178.5,158.9,162.3,165.7,171.2,175.8,173.4,174.9,176.1,182.5
2026-07-17T05:28:24.057119,171.9,178.5,158.9,162.3,165.7,171.2,175.8,173.4,174.9,176.1,182.5
2026-07-17T05:34:44.536419,171.9,178.5,158.9,162.3,165.7,171.2,175.8,173.4,174.9,176.1,182.5
2026-07-17T05:34:44.681074,171.9,178.5,158.9,162.3,165.7,171.2,175.8,173.4,174.9,176.1,182.5
2026-07-17T05:58:32.788504,171.9,178.5,158.9,162.3,165.7,171.2,175.8,173.4,174.9,176.1,182.5
2026-07-17T06:28:53.634849,171.9,178.5,158.9,162.3,165.7,171.2,175.8,173.4,174.9,176.1,182.5
2026-07-17T06:59:50.289877,171.9,178.5,158.9,162.3,165.7,171.2,175.8,173.4,174.9,176.1,182.5
2026-07-17T07:29:58.535165,171.9,178.5,158.9,162.3,165.7,171.2,175.8,173.4,174.9,176.1,182.5
2026-07-17T08:00:07.770607,171.9,178.5,158.9,162.3,165.7,171.2,175.8,173.4,174.9,176.1,182.5
2026-07-17T08:30:16.753285,171.9,178.5,158.9,162.3,165.7,171.2,175.8,173.4,174.9,176.1,182.5
2026-07-17T09:00:26.716961,171.9,178.5,158.9,162.3,165.7,171.2,175.8,173.4,174.9,176.1,182.5
2026-07-17T09:30:35.450843,171.9,178.5,158.9,162.3,165.7,171.2,175.8,173.4,174.9,176.1,182.5
2026-07-17T10:00:44.614499,171.9,178.5,158.9,162.3,165.7,171.2,175.8,173.4,174.9,176.1,182.5
2026-07-17T10:30:52.706867,171.9,178.5,158.9,162.3,165.7,171.2,175.8,173.4,174.9,176.1,182.5
2026-07-17T11:01:02.260219,171.9,178.5,158.9,162.3,165.7,171.2,175.8,173.4,174.9,176.1,182.5
2026-07-17T11:19:11.995136,171.9,178.5,158.9,162.3,165.7,171.2,175.8,173.4,174.9,176.1,182.5
2026-07-17T11:19:12.100357,171.9,178.5,158.9,162.3,165.7,171.2,175.8,173.4,174.9,176.1,182.5
2026-07-17T11:19:56.915744,171.9,178.5,158.9,162.3,165.7,171.2,175.8,173.4,174.9,176.1,182.5
2026-07-17T11:19:57.037096,171.9,178.5,158.9,162.3,165.7,171.2,175.8,173.4,174.9,176.1,182.5
2026-07-17T11:22:05.042962,171.9,178.5,158.9,162.3,165.7,171.2,175.8,173.4,174.9,176.1,182.5
2026-07-17T11:22:05.101493,171.9,178.5,158.9,162.3,165.7,171.2,175.8,173.4,174.9,176.1,182.5
2026-07-17T11:24:23.758150,171.9,178.5,158.9,162.3,165.7,171.2,175.8,173.4,174.9,176.1,182.5
2026-07-17T11:24:23.868696,171.9,178.5,158.9,162.3,165.7,171.2,175.8,173.4,174.9,176.1,182.5
2026-07-17T11:27:58.255063,171.9,178.5,158.9,162.3,165.7,171.2,175.8,173.4,174.9,176.1,182.5
2026-07-17T11:27:58.367287,171.9,178.5,158.9,162.3,165.7,171.2,175.8,173.4,174.9,176.1,182.5
2026-07-17T11:31:11.325221,171.9,178.5,158.9,162.3,165.7,171.2,175.8,173.4,174.9,176.1,182.5
2026-07-17T12:01:20.803100,171.9,178.5,158.9,162.3,165.7,171.2,175.8,173.4,174.9,176.1,182.5
2026-07-17T12:31:29.385463,171.9,178.5,158.9,162.3,165.7,171.2,175.8,173.4,174.9,176.1,182.5
2026-07-17T13:01:38.574820,171.9,178.5,158.9,162.3,165.7,171.2,175.8,173.4,174.9,176.1,182.5
2026-07-17T13:31:46.568789,171.9,178.5,158.9,162.3,165.7,171.2,175.8,173.4,174.9,176.1,182.5
2026-07-17T13:47:48.628863,171.9,178.5,158.9,162.3,165.7,171.2,175.8,173.4,174.9,176.1,182.5
2026-07-17T13:47:48.721438,171.9,178.5,158.9,162.3,165.7,171.2,175.8,173.4,174.9,176.1,182.5
2026-07-17T14:01:56.264072,171.9,178.5,158.9,162.3,165.7,171.2,175.8,173.4,174.9,176.1,182.5
2026-07-17T14:14:40.047017,171.9,178.5,158.9,162.3,165.7,171.2,175.8,173.4,174.9,176.1,182.5
2026-07-17T14:14:40.115204,171.9,178.5,158.9,162.3,165.7,171.2,175.8,173.4,174.9,176.1,182.5
2026-07-17T14:17:29.847253,171.9,178.5,158.9,162.3,165.7,171.2,175.8,173.4,174.9,176.1,182.5
2026-07-17T14:17:29.922685,171.9,178.5,158.9,162.3,165.7,171.2,175.8,173.4,174.9,176.1,182.5
2026-07-17T14:20:43.639494,171.9,178.5,158.9,162.3,165.7,171.2,175.8,173.4,174.9,176.1,182.5
2026-07-17T14:20:43.705465,171.9,178.5,158.9,162.3,165.7,171.2,175.8,173.4,174.9,176.1,182.5
2026-07-17T14:22:33.381527,171.9,178.5,158.9,162.3,165.7,171.2,175.8,173.4,174.9,176.1,182.5
2026-07-17T14:22:33.485129,171.9,178.5,158.9,162.3,165.7,171.2,175.8,173.4,174.9,176.1,182.5
2026-07-17T14:26:20.480457,171.9,178.5,158.9,162.3,165.7,171.2,175.8,173.4,174.9,176.1,182.5
2026-07-17T14:26:20.576575,171.9,178.5,158.9,162.3,165.7,171.2,175.8,173.4,174.9,176.1,182.5
2026-07-17T14:28:25.300851,171.9,178.5,158.9,162.3,165.7,171.2,175.8,173.4,174.9,176.1,182.5
2026-07-17T14:29:38.525055,171.9,178.5,158.9,162.3,165.7,171.2,175.8,173.4,174.9,176.1,182.5
2026-07-17T14:29:38.623019,171.9,178.5,158.9,162.3,165.7,171.2,175.8,173.4,174.9,176.1,182.5
2026-07-17T14:30:01.169003,171.9,178.5,158.9,162.3,165.7,171.2,175.8,173.4,174.9,176.1,182.5
2026-07-17T14:30:01.227493,171.9,178.5,158.9,162.3,165.7,171.2,175.8,173.4,174.9,176.1,182.5
2026-07-17T14:30:32.590571,171.9,178.5,158.9,162.3,165.7,171.2,175.8,173.4,174.9,176.1,182.5
2026-07-17T14:30:32.650577,171.9,178.5,158.9,162.3,165.7,171.2,175.8,173.4,174.9,176.1,182.5
2026-07-17T14:32:05.772548,171.9,178.5,158.9,162.3,165.7,171.2,175.8,173.4,174.9,176.1,182.5
2026-07-17T14:34:07.964580,171.9,178.5,158.9,162.3,165.7,171.2,175.8,173.4,174.9,176.1,182.5
2026-07-17T14:34:08.062103,171.9,178.5,158.9,162.3,165.7,171.2,175.8,173.4,174.9,176.1,182.5
2026-07-17T14:38:44.702428,171.9,178.5,158.9,162.3,165.7,171.2,175.8,173.4,174.9,176.1,182.5
2026-07-17T14:38:44.804463,171.9,178.5,158.9,162.3,165.7,171.2,175.8,173.4,174.9,176.1,182.5
2026-07-17T15:02:14.126750,171.9,178.5,158.9,162.3,165.7,171.2,175.8,173.4,174.9,176.1,182.5
2026-07-17T15:05:35.330978,171.9,178.5,158.9,162.3,165.7,171.2,175.8,173.4,174.9,176.1,182.5
2026-07-17T15:05:35.437682,171.9,178.5,158.9,162.3,165.7,171.2,175.8,173.4,174.9,176.1,182.5
2026-07-17T15:32:23.350397,171.9,178.5,158.9,162.3,165.7,171.2,175.8,173.4,174.9,176.1,182.5
2026-07-17T15:46:42.217006,171.9,178.5,158.9,162.3,165.7,171.2,175.8,173.4,174.9,176.1,182.5
2026-07-17T15:46:42.307001,171.9,178.5,158.9,162.3,165.7,171.2,175.8,173.4,174.9,176.1,182.5
2026-07-17T15:49:16.720209,171.9,178.5,158.9,162.3,165.7,171.2,175.8,173.4,174.9,176.1,182.5
2026-07-17T15:50:01.894520,171.9,178.5,158.9,162.3,165.7,171.2,175.8,173.4,174.9,176.1,182.5
2026-07-17T15:50:01.994029,171.9,178.5,158.9,162.3,165.7,171.2,175.8,173.4,174.9,176.1,182.5
2026-07-17T16:02:32.486399,171.9,178.5,158.9,162.3,165.7,171.2,175.8,173.4,174.9,176.1,182.5
2026-07-17T16:03:09.828887,171.9,178.5,158.9,162.3,165.7,171.2,175.8,173.4,174.9,176.1,182.5
2026-07-17T16:03:09.924423,171.9,178.5,158.9,162.3,165.7,171.2,175.8,173.4,174.9,176.1,182.5
2026-07-17T16:03:18.174135,171.9,178.5,158.9,162.3,165.7,171.2,175.8,173.4,174.9,176.1,182.5
2026-07-17T16:03:25.478430,171.9,178.5,158.9,162.3,165.7,171.2,175.8,173.4,174.9,176.1,182.5
2026-07-17T16:03:25.581264,171.9,178.5,158.9,162.3,165.7,171.2,175.8,173.4,174.9,176.1,182.5
2026-07-17T16:17:25.971658,171.9,178.5,158.9,162.3,165.7,171.2,175.8,173.4,174.9,176.1,182.5
2026-07-17T16:17:26.040584,171.9,178.5,158.9,162.3,165.7,171.2,175.8,173.4,174.9,176.1,182.5
2026-07-17T16:32:41.941367,171.9,178.5,158.9,162.3,165.7,171.2,175.8,173.4,174.9,176.1,182.5
2026-07-17T16:55:17.131060,171.9,178.5,158.9,162.3,165.7,171.2,175.8,173.4,174.9,176.1,182.5
2026-07-17T16:55:17.197730,171.9,178.5,158.9,162.3,165.7,171.2,175.8,173.4,174.9,176.1,182.5
2026-07-17T16:59:35.653711,171.9,178.5,158.9,162.3,165.7,171.2,175.8,173.4,174.9,176.1,182.5
2026-07-17T16:59:35.717371,171.9,178.5,158.9,162.3,165.7,171.2,175.8,173.4,174.9,176.1,182.5
2026-07-17T17:02:50.521679,171.9,178.5,158.9,162.3,165.7,171.2,175.8,173.4,174.9,176.1,182.5
2026-07-17T17:10:30.662359,171.9,178.5,158.9,162.3,165.7,171.2,175.8,173.4,174.9,176.1,182.5
2026-07-17T17:10:30.775358,171.9,178.5,158.9,162.3,165.7,171.2,175.8,173.4,174.9,176.1,182.5
2026-07-17T17:32:59.247756,171.9,178.5,158.9,162.3,165.7,171.2,175.8,173.4,174.9,176.1,182.5
2026-07-17T18:03:07.563405,171.9,178.5,158.9,162.3,165.7,171.2,175.8,173.4,174.9,176.1,182.5
2026-07-17T18:33:16.894457,171.9,178.5,158.9,162.3,165.7,171.2,175.8,173.4,174.9,176.1,182.5
2026-07-17T19:03:28.579751,171.9,178.5,158.9,162.3,165.7,171.2,175.8,173.4,174.9,176.1,182.5
2026-07-17T19:08:49.418833,171.9,178.5,158.9,162.3,165.7,171.2,175.8,173.4,174.9,176.1,182.5
2026-07-17T19:08:49.519456,171.9,178.5,158.9,162.3,165.7,171.2,175.8,173.4,174.9,176.1,182.5
2026-07-17T19:11:26.998904,171.9,178.5,158.9,162.3,165.7,171.2,175.8,173.4,174.9,176.1,182.5
2026-07-17T19:11:27.070226,171.9,178.5,158.9,162.3,165.7,171.2,175.8,173.4,174.9,176.1,182.5
2026-07-17T19:19:51.731939,171.9,178.5,158.9,162.3,165.7,171.2,175.8,173.4,174.9,176.1,182.5
2026-07-17T19:19:51.800752,171.9,178.5,158.9,162.3,165.7,171.2,175.8,173.4,174.9,176.1,182.5
2026-07-17T19:22:11.085791,171.9,178.5,158.9,162.3,165.7,171.2,175.8,173.4,174.9,176.1,182.5
2026-07-17T19:22:11.153589,171.9,178.5,158.9,162.3,165.7,171.2,175.8,173.4,174.9,176.1,182.5
2026-07-17T19:33:36.264747,171.9,178.5,158.9,162.3,165.7,171.2,175.8,173.4,174.9,176.1,182.5
2026-07-17T19:36:42.609323,171.9,178.5,158.9,162.3,165.7,171.2,175.8,173.4,174.9,176.1,182.5
2026-07-17T19:36:42.717763,171.9,178.5,158.9,162.3,165.7,171.2,175.8,173.4,174.9,176.1,182.5
2026-07-17T19:46:01.564703,171.9,178.5,158.9,162.3,165.7,171.2,175.8,173.4,174.9,176.1,182.5
2026-07-17T19:46:08.926998,171.9,178.5,158.9,162.3,165.7,171.2,175.8,173.4,174.9,176.1,182.5
2026-07-17T19:48:00.926792,171.9,178.5,158.9,162.3,165.7,171.2,175.8,173.4,174.9,176.1,182.5
2026-07-17T19:48:01.055048,171.9,178.5,158.9,162.3,165.7,171.2,175.8,173.4,174.9,176.1,182.5
2026-07-17T19:53:05.954793,171.9,178.5,158.9,162.3,165.7,171.2,175.8,173.4,174.9,176.1,182.5
2026-07-17T19:53:06.056852,171.9,178.5,158.9,162.3,165.7,171.2,175.8,173.4,174.9,176.1,182.5
2026-07-17T19:55:21.196027,171.9,178.5,158.9,162.3,165.7,171.2,175.8,173.4,174.9,176.1,182.5
2026-07-17T19:55:21.264811,171.9,178.5,158.9,162.3,165.7,171.2,175.8,173.4,174.9,176.1,182.5
2026-07-17T19:59:00.994704,171.9,178.5,158.9,162.3,165.7,171.2,175.8,173.4,174.9,176.1,182.5
2026-07-17T19:59:01.070671,171.9,178.5,158.9,162.3,165.7,171.2,175.8,173.4,174.9,176.1,182.5
2026-07-17T20:02:02.939720,171.9,178.5,158.9,162.3,165.7,171.2,175.8,173.4,174.9,176.1,182.5
2026-07-17T20:02:03.039513,171.9,178.5,158.9,162.3,165.7,171.2,175.8,173.4,174.9,176.1,182.5
2026-07-17T20:03:46.305534,171.9,178.5,158.9,162.3,165.7,171.2,175.8,173.4,174.9,176.1,182.5
2026-07-17T20:05:32.127546,171.9,178.5,158.9,162.3,165.7,171.2,175.8,173.4,174.9,176.1,182.5
2026-07-17T20:05:32.188574,171.9,178.5,158.9,162.3,165.7,171.2,175.8,173.4,174.9,176.1,182.5
2026-07-17T20:07:05.781384,171.9,178.5,158.9,162.3,165.7,171.2,175.8,173.4,174.9,176.1,182.5
2026-07-17T20:07:05.888837,171.9,178.5,158.9,162.3,165.7,171.2,175.8,173.4,174.9,176.1,182.5
2026-07-17T20:07:15.090265,171.9,178.5,158.9,162.3,165.7,171.2,175.8,173.4,174.9,176.1,182.5
2026-07-17T20:07:38.906727,171.9,178.5,158.9,162.3,165.7,171.2,175.8,173.4,174.9,176.1,182.5
2026-07-17T20:07:39.013803,171.9,178.5,158.9,162.3,165.7,171.2,175.8,173.4,174.9,176.1,182.5
2026-07-17T20:23:17.089999,171.9,178.5,158.9,162.3,165.7,171.2,175.8,173.4,174.9,176.1,182.5
2026-07-17T20:23:17.192569,171.9,178.5,158.9,162.3,165.7,171.2,175.8,173.4,174.9,176.1,182.5
2026-07-17T20:33:42.323720,171.9,178.5,158.9,162.3,165.7,171.2,175.8,173.4,174.9,176.1,182.5
2026-07-17T20:33:42.428942,171.9,178.5,158.9,162.3,165.7,171.2,175.8,173.4,174.9,176.1,182.5
2026-07-17T20:33:54.504635,171.9,178.5,158.9,162.3,165.7,171.2,175.8,173.4,174.9,176.1,182.5
2026-07-17T20:40:44.691280,171.9,178.5,158.9,162.3,165.7,171.2,175.8,173.4,174.9,176.1,182.5
2026-07-17T20:40:44.753508,171.9,178.5,158.9,162.3,165.7,171.2,175.8,173.4,174.9,176.1,182.5
2026-07-17T21:04:03.250594,171.9,178.5,158.9,162.3,165.7,171.2,175.8,173.4,174.9,176.1,182.5
2026-07-17T21:06:04.939844,171.9,178.5,158.9,162.3,165.7,171.2,175.8,173.4,174.9,176.1,182.5
2026-07-17T21:06:05.001125,171.9,178.5,158.9,162.3,165.7,171.2,175.8,173.4,174.9,176.1,182.5
2026-07-17T21:34:13.206892,171.9,178.5,158.9,162.3,165.7,171.2,175.8,173.4,174.9,176.1,182.5
2026-07-17T22:04:22.461373,171.9,178.5,158.9,162.3,165.7,171.2,175.8,173.4,174.9,176.1,182.5
2026-07-17T22:06:47.722526,171.9,178.5,158.9,162.3,165.7,171.2,175.8,173.4,174.9,176.1,182.5
2026-07-17T22:06:47.816234,171.9,178.5,158.9,162.3,165.7,171.2,175.8,173.4,174.9,176.1,182.5
2026-07-17T22:08:40.633727,171.9,178.5,158.9,162.3,165.7,171.2,175.8,173.4,174.9,176.1,182.5
2026-07-17T22:08:40.714845,171.9,178.5,158.9,162.3,165.7,171.2,175.8,173.4,174.9,176.1,182.5
2026-07-17T22:14:01.858018,171.9,178.5,158.9,162.3,165.7,171.2,175.8,173.4,174.9,176.1,182.5
2026-07-17T22:14:01.928088,171.9,178.5,158.9,162.3,165.7,171.2,175.8,173.4,174.9,176.1,182.5
2026-07-17T22:18:28.204741,171.9,178.5,158.9,162.3,165.7,171.2,175.8,173.4,174.9,176.1,182.5
2026-07-17T22:18:28.308753,171.9,178.5,158.9,162.3,165.7,171.2,175.8,173.4,174.9,176.1,182.5
2026-07-17T22:21:29.659034,171.9,178.5,158.9,162.3,165.7,171.2,175.8,173.4,174.9,176.1,182.5
2026-07-17T22:21:29.760535,171.9,178.5,158.9,162.3,165.7,171.2,175.8,173.4,174.9,176.1,182.5
2026-07-17T22:22:50.199524,171.9,178.5,158.9,162.3,165.7,171.2,175.8,173.4,174.9,176.1,182.5
2026-07-17T22:22:50.277816,171.9,178.5,158.9,162.3,165.7,171.2,175.8,173.4,174.9,176.1,182.5
2026-07-17T22:34:32.131524,171.9,178.5,158.9,162.3,165.7,171.2,175.8,173.4,174.9,176.1,182.5
2026-07-17T23:04:40.555839,171.9,178.5,158.9,162.3,165.7,171.2,175.8,173.4,174.9,176.1,182.5
2026-07-17T23:34:49.275279,171.9,178.5,158.9,162.3,165.7,171.2,175.8,173.4,174.9,176.1,182.5
2026-07-18T00:04:57.625912,171.9,178.5,158.9,162.3,165.7,171.2,175.8,173.4,174.9,176.1,182.5
2026-07-18T00:13:26.586450,171.9,178.5,158.9,162.3,165.7,171.2,175.8,173.4,174.9,176.1,182.5
2026-07-18T00:13:26.646027,171.9,178.5,158.9,162.3,165.7,171.2,175.8,173.4,174.9,176.1,182.5
2026-07-18T00:35:06.454534,171.9,178.5,158.9,162.3,165.7,171.2,175.8,173.4,174.9,176.1,182.5
2026-07-18T01:05:16.938028,171.9,178.5,158.9,162.3,165.7,171.2,175.8,173.4,174.9,176.1,182.5
2026-07-18T01:35:25.567971,171.9,178.5,158.9,162.3,165.7,171.2,175.8,173.4,174.9,176.1,182.5
2026-07-18T02:05:34.899122,171.9,178.5,158.9,162.3,165.7,171.2,175.8,173.4,174.9,176.1,182.5
2026-07-18T02:35:44.164103,171.9,178.5,158.9,162.3,165.7,171.2,175.8,173.4,174.9,176.1,182.5
2026-07-18T03:05:52.066030,171.9,178.5,158.9,162.3,165.7,171.2,175.8,173.4,174.9,176.1,182.5
2026-07-18T03:36:00.738505,171.9,178.5,158.9,162.3,165.7,171.2,175.8,173.4,174.9,176.1,182.5
2026-07-18T04:06:09.816998,171.9,178.5,158.9,162.3,165.7,171.2,175.8,173.4,174.9,176.1,182.5
2026-07-18T04:36:18.771856,171.9,178.5,158.9,162.3,165.7,171.2,175.8,173.4,174.9,176.1,182.5
2026-07-18T05:06:28.386553,171.9,178.5,158.9,162.3,165.7,171.2,175.8,173.4,174.9,176.1,182.5
2026-07-18T05:36:36.603768,171.9,178.5,158.9,162.3,165.7,171.2,175.8,173.4,174.9,176.1,182.5
2026-07-18T06:06:45.743432,171.9,178.5,158.9,162.3,165.7,171.2,175.8,173.4,174.9,176.1,182.5
2026-07-18T06:36:53.982389,171.9,178.5,158.9,162.3,165.7,171.2,175.8,173.4,174.9,176.1,182.5
2026-07-18T07:07:03.175973,171.9,178.5,158.9,162.3,165.7,171.2,175.8,173.4,174.9,176.1,182.5
2026-07-18T07:37:12.955106,171.9,178.5,158.9,162.3,165.7,171.2,175.8,173.4,174.9,176.1,182.5
2026-07-18T08:07:20.984117,171.9,178.5,158.9,162.3,165.7,171.2,175.8,173.4,174.9,176.1,182.5
2026-07-18T08:37:29.060442,171.9,178.5,158.9,162.3,165.7,171.2,175.8,173.4,174.9,176.1,182.5
2026-07-18T09:07:38.722835,171.9,178.5,158.9,162.3,165.7,171.2,175.8,173.4,174.9,176.1,182.5
2026-07-18T09:37:46.940973,171.9,178.5,158.9,162.3,165.7,171.2,175.8,173.4,174.9,176.1,182.5
2026-07-18T10:07:57.659671,171.9,178.5,158.9,162.3,165.7,171.2,175.8,173.4,174.9,176.1,182.5
2026-07-18T10:38:07.305232,171.9,178.5,158.9,162.3,165.7,171.2,175.8,173.4,174.9,176.1,182.5
2026-07-18T11:08:23.723124,171.9,178.5,158.9,162.3,165.7,171.2,175.8,173.4,174.9,176.1,182.5
2026-07-18T11:09:14.907389,171.9,178.5,158.9,162.3,165.7,171.2,175.8,173.4,174.9,176.1,182.5
2026-07-18T11:14:34.606502,171.9,178.5,158.9,162.3,165.7,171.2,175.8,173.4,174.9,176.1,182.5
2026-07-18T11:15:03.580706,171.9,178.5,158.9,162.3,165.7,171.2,175.8,173.4,174.9,176.1,182.5
2026-07-18T11:39:22.208049,171.9,178.5,158.9,162.3,165.7,171.2,175.8,173.4,174.9,176.1,182.5
2026-07-18T12:09:32.162439,171.9,178.5,158.9,162.3,165.7,171.2,175.8,173.4,174.9,176.1,182.5
2026-07-18T12:39:43.021381,171.9,178.5,158.9,162.3,165.7,171.2,175.8,173.4,174.9,176.1,182.5
2026-07-18T13:09:53.126890,171.9,178.5,158.9,162.3,165.7,171.2,175.8,173.4,174.9,176.1,182.5
2026-07-18T13:40:02.156563,171.9,178.5,158.9,162.3,165.7,171.2,175.8,173.4,174.9,176.1,182.5
2026-07-18T14:10:11.511429,171.9,178.5,158.9,162.3,165.7,171.2,175.8,173.4,174.9,176.1,182.5
2026-07-18T14:40:19.312137,171.9,178.5,158.9,162.3,165.7,171.2,175.8,173.4,174.9,176.1,182.5
2026-07-18T15:10:28.887440,171.9,178.5,158.9,162.3,165.7,171.2,175.8,173.4,174.9,176.1,182.5
2026-07-18T15:40:37.189926,171.9,178.5,158.9,162.3,165.7,171.2,175.8,173.4,174.9,176.1,182.5
2026-07-18T16:10:45.306912,171.9,178.5,158.9,162.3,165.7,171.2,175.8,173.4,174.9,176.1,182.5
2026-07-18T16:40:54.895758,171.9,178.5,158.9,162.3,165.7,171.2,175.8,173.4,174.9,176.1,182.5
2026-07-18T17:11:04.059935,171.9,178.5,158.9,162.3,165.7,171.2,175.8,173.4,174.9,176.1,182.5
2026-07-18T17:42:10.625019,171.9,178.5,158.9,162.3,165.7,171.2,175.8,173.4,174.9,176.1,182.5
2026-07-18T18:12:18.563116,171.9,178.5,158.9,162.3,165.7,171.2,175.8,173.4,174.9,176.1,182.5
2026-07-18T18:42:30.625591,171.9,178.5,158.9,162.3,165.7,171.2,175.8,173.4,174.9,176.1,182.5
2026-07-18T19:13:37.682422,171.9,178.5,158.9,162.3,165.7,171.2,175.8,173.4,174.9,176.1,182.5
2026-07-18T19:43:46.019281,171.9,178.5,158.9,162.3,165.7,171.2,175.8,173.4,174.9,176.1,182.5
2026-07-18T20:13:54.919536,171.9,178.5,158.9,162.3,165.7,171.2,175.8,173.4,174.9,176.1,182.5
2026-07-18T20:44:06.057953,171.9,178.5,158.9,162.3,165.7,171.2,175.8,173.4,174.9,176.1,182.5
2026-07-18T21:15:13.853531,171.9,178.5,158.9,162.3,165.7,171.2,175.8,173.4,174.9,176.1,182.5
2026-07-18T21:45:22.115385,171.9,178.5,158.9,162.3,165.7,171.2,175.8,173.4,174.9,176.1,182.5
2026-07-18T22:15:33.133729,171.9,178.5,158.9,162.3,165.7,171.2,175.8,173.4,174.9,176.1,182.5
2026-07-18T22:45:40.842001,171.9,178.5,158.9,162.3,165.7,171.2,175.8,173.4,174.9,176.1,182.5
2026-07-18T23:15:50.245782,171.9,178.5,158.9,162.3,165.7,171.2,175.8,173.4,174.9,176.1,182.5
2026-07-18T23:45:58.231757,171.9,178.5,158.9,162.3,165.7,171.2,175.8,173.4,174.9,176.1,182.5
2026-07-19T00:16:06.473690,171.9,178.5,158.9,162.3,165.7,171.2,175.8,173.4,174.9,176.1,182.5
2026-07-19T00:46:16.255574,171.9,178.5,158.9,162.3,165.7,171.2,175.8,173.4,174.9,176.1,182.5
2026-07-19T01:16:25.345430,171.9,178.5,158.9,162.3,165.7,171.2,175.8,173.4,174.9,176.1,182.5
2026-07-19T01:46:34.572497,171.9,178.5,158.9,162.3,165.7,171.2,175.8,173.4,174.9,176.1,182.5
2026-07-19T02:17:43.932447,171.9,178.5,158.9,162.3,165.7,171.2,175.8,173.4,174.9,176.1,182.5
2026-07-19T02:41:56.464343,171.9,178.5,158.9,162.3,165.7,171.2,175.8,173.4,174.9,176.1,182.5
2026-07-19T02:48:52.868550,171.9,178.5,158.9,162.3,165.7,171.2,175.8,173.4,174.9,176.1,182.5
2026-07-19T03:20:00.246398,171.9,178.5,158.9,162.3,165.7,171.2,175.8,173.4,174.9,176.1,182.5
2026-07-19T03:50:08.366747,171.9,178.5,158.9,162.3,165.7,171.2,175.8,173.4,174.9,176.1,182.5
2026-07-19T04:20:21.398940,171.9,178.5,158.9,162.3,165.7,171.2,175.8,173.4,174.9,176.1,182.5
2026-07-19T04:51:26.291302,171.9,178.5,158.9,162.3,165.7,171.2,175.8,173.4,174.9,176.1,182.5
2026-07-19T05:21:32.089555,171.9,178.5,158.9,162.3,165.7,171.2,175.8,173.4,174.9,176.1,182.5
2026-07-19T05:51:44.152057,171.9,178.5,158.9,162.3,165.7,171.2,175.8,173.4,174.9,176.1,182.5
2026-07-19T06:21:51.303223,171.9,178.5,158.9,162.3,165.7,171.2,175.8,173.4,174.9,176.1,182.5
2026-07-19T06:52:00.042080,171.9,178.5,158.9,162.3,165.7,171.2,175.8,173.4,174.9,176.1,182.5
2026-07-19T07:22:09.005010,171.9,178.5,158.9,162.3,165.7,171.2,175.8,173.4,174.9,176.1,182.5
2026-07-19T07:52:17.873009,171.9,178.5,158.9,162.3,165.7,171.2,175.8,173.4,174.9,176.1,182.5
2026-07-19T08:22:25.906708,171.9,178.5,158.9,162.3,165.7,171.2,175.8,173.4,174.9,176.1,182.5
2026-07-19T08:52:35.354823,171.9,178.5,158.9,162.3,165.7,171.2,175.8,173.4,174.9,176.1,182.5
2026-07-19T09:22:44.373111,171.9,178.5,158.9,162.3,165.7,171.2,175.8,173.4,174.9,176.1,182.5
2026-07-19T09:52:51.980017,171.9,178.5,158.9,162.3,165.7,171.2,175.8,173.4,174.9,176.1,182.5
2026-07-19T10:23:01.032048,171.9,178.5,158.9,162.3,165.7,171.2,175.8,173.4,174.9,176.1,182.5
2026-07-19T10:53:09.653674,171.9,178.5,158.9,162.3,165.7,171.2,175.8,173.4,174.9,176.1,182.5
2026-07-19T11:23:18.135860,171.9,178.5,158.9,162.3,165.7,171.2,175.8,173.4,174.9,176.1,182.5
2026-07-19T11:43:00.228703,171.9,178.5,158.9,162.3,165.7,171.2,175.8,173.4,174.9,176.1,182.5
2026-07-19T11:53:27.633181,171.9,178.5,158.9,162.3,165.7,171.2,175.8,173.4,174.9,176.1,182.5
2026-07-19T12:22:21.116960,171.9,178.5,158.9,162.3,165.7,171.2,175.8,173.4,174.9,176.1,182.5
2026-07-19T12:23:36.089083,171.9,178.5,158.9,162.3,165.7,171.2,175.8,173.4,174.9,176.1,182.5
2026-07-19T12:29:47.749873,171.9,178.5,158.9,162.3,165.7,171.2,175.8,173.4,174.9,176.1,182.5
2026-07-19T12:53:46.076708,171.9,178.5,158.9,162.3,165.7,171.2,175.8,173.4,174.9,176.1,182.5
2026-07-19T13:03:16.930492,171.9,178.5,158.9,162.3,165.7,171.2,175.8,173.4,174.9,176.1,182.5
2026-07-19T13:23:54.110062,171.9,178.5,158.9,162.3,165.7,171.2,175.8,173.4,174.9,176.1,182.5
2026-07-19T13:54:03.514340,171.9,178.5,158.9,162.3,165.7,171.2,175.8,173.4,174.9,176.1,182.5
2026-07-19T14:24:11.745713,171.9,178.5,158.9,162.3,165.7,171.2,175.8,173.4,174.9,176.1,182.5
2026-07-19T14:54:22.747815,171.9,178.5,158.9,162.3,165.7,171.2,175.8,173.4,174.9,176.1,182.5
2026-07-19T15:09:02.115742,171.9,178.5,158.9,162.3,165.7,171.2,175.8,173.4,174.9,176.1,182.5
2026-07-19T15:11:10.610904,171.9,178.5,158.9,162.3,165.7,171.2,175.8,173.4,174.9,176.1,182.5
2026-07-19T15:12:53.833178,171.9,178.5,158.9,162.3,165.7,171.2,175.8,173.4,174.9,176.1,182.5
2026-07-19T15:18:47.249111,171.9,178.5,158.9,162.3,165.7,171.2,175.8,173.4,174.9,176.1,182.5
2026-07-19T15:20:54.102232,171.9,178.5,158.9,162.3,165.7,171.2,175.8,173.4,174.9,176.1,182.5
2026-07-19T15:24:29.315041,171.9,178.5,158.9,162.3,165.7,171.2,175.8,173.4,174.9,176.1,182.5
2026-07-19T15:54:39.269785,171.9,178.5,158.9,162.3,165.7,171.2,175.8,173.4,174.9,176.1,182.5
2026-07-19T16:24:48.256952,171.9,178.5,158.9,162.3,165.7,171.2,175.8,173.4,174.9,176.1,182.5
2026-07-19T16:54:56.883584,171.9,178.5,158.9,162.3,165.7,171.2,175.8,173.4,174.9,176.1,182.5
2026-07-19T17:04:26.502804,171.9,178.5,158.9,162.3,165.7,171.2,175.8,173.4,174.9,176.1,182.5
2026-07-19T17:25:04.483303,171.9,178.5,158.9,162.3,165.7,171.2,175.8,173.4,174.9,176.1,182.5
2026-07-19T17:37:19.186128,171.9,178.5,158.9,162.3,165.7,171.2,175.8,173.4,174.9,176.1,182.5
2026-07-19T17:44:47.715647,171.9,178.5,158.9,162.3,165.7,171.2,175.8,173.4,174.9,176.1,182.5
2026-07-19T17:55:13.973687,171.9,178.5,158.9,162.3,165.7,171.2,175.8,173.4,174.9,176.1,182.5
2026-07-19T18:25:23.311839,171.9,178.5,158.9,162.3,165.7,171.2,175.8,173.4,174.9,176.1,182.5
2026-07-19T18:55:32.178716,171.9,178.5,158.9,162.3,165.7,171.2,175.8,173.4,174.9,176.1,182.5
2026-07-19T19:25:40.313064,171.9,178.5,158.9,162.3,165.7,171.2,175.8,173.4,174.9,176.1,182.5
2026-07-19T19:28:31.207044,171.9,178.5,158.9,162.3,165.7,171.2,175.8,173.4,174.9,176.1,182.5
2026-07-19T19:55:50.063463,171.9,178.5,158.9,162.3,165.7,171.2,175.8,173.4,174.9,176.1,182.5
2026-07-19T20:25:58.259822,171.9,178.5,158.9,162.3,165.7,171.2,175.8,173.4,174.9,176.1,182.5
2026-07-19T20:56:06.807673,171.9,178.5,158.9,162.3,165.7,171.2,175.8,173.4,174.9,176.1,182.5
2026-07-19T21:26:17.074652,171.9,178.5,158.9,162.3,165.7,171.2,175.8,173.4,174.9,176.1,182.5
2026-07-19T21:56:25.596259,171.9,178.5,158.9,162.3,165.7,171.2,175.8,173.4,174.9,176.1,182.5
2026-07-19T22:04:44.466779,171.9,178.5,158.9,162.3,165.7,171.2,175.8,173.4,174.9,176.1,182.5
2026-07-19T22:26:34.180871,171.9,178.5,158.9,162.3,165.7,171.2,175.8,173.4,174.9,176.1,182.5
2026-07-19T22:56:42.022420,171.9,178.5,158.9,162.3,165.7,171.2,175.8,173.4,174.9,176.1,182.5
2026-07-19T23:26:50.731250,171.9,178.5,158.9,162.3,165.7,171.2,175.8,173.4,174.9,176.1,182.5
2026-07-19T23:35:23.922018,171.9,178.5,158.9,162.3,165.7,171.2,175.8,173.4,174.9,176.1,182.5
2026-07-19T23:46:23.478235,171.9,178.5,158.9,162.3,165.7,171.2,175.8,173.4,174.9,176.1,182.5
2026-07-19T23:55:28.697869,171.9,178.5,158.9,162.3,165.7,171.2,175.8,173.4,174.9,176.1,182.5
2026-07-20T00:00:59.871997,171.9,178.5,158.9,162.3,165.7,171.2,175.8,173.4,174.9,176.1,182.5
2026-07-20T00:01:28.577223,171.9,178.5,158.9,162.3,165.7,171.2,175.8,173.4,174.9,176.1,182.5
2026-07-20T00:16:43.321453,171.9,178.5,158.9,162.3,165.7,171.2,175.8,173.4,174.9,176.1,182.5
2026-07-20T00:27:08.512217,171.9,178.5,158.9,162.3,165.7,171.2,175.8,173.4,174.9,176.1,182.5
2026-07-20T00:32:15.019898,171.9,178.5,158.9,162.3,165.7,171.2,175.8,173.4,174.9,176.1,182.5
2026-07-20T00:41:54.360151,171.9,178.5,158.9,162.3,165.7,171.2,175.8,173.4,174.9,176.1,182.5
2026-07-20T00:57:23.896659,171.9,178.5,158.9,162.3,165.7,171.2,175.8,173.4,174.9,176.1,182.5
2026-07-20T01:28:30.882147,171.9,178.5,158.9,162.3,165.7,171.2,175.8,173.4,174.9,176.1,182.5
2026-07-20T01:59:38.801422,171.9,178.5,158.9,162.3,165.7,171.2,175.8,173.4,174.9,176.1,182.5
2026-07-20T02:30:45.632972,171.9,178.5,158.9,162.3,165.7,171.2,175.8,173.4,174.9,176.1,182.5
2026-07-20T03:00:55.250775,171.9,178.5,158.9,162.3,165.7,171.2,175.8,173.4,174.9,176.1,182.5
2026-07-20T03:31:02.611672,171.9,178.5,158.9,162.3,165.7,171.2,175.8,173.4,174.9,176.1,182.5
2026-07-20T03:36:38.734462,171.9,178.5,158.9,162.3,165.7,171.2,175.8,173.4,174.9,176.1,182.5
2026-07-20T04:01:10.445238,171.9,178.5,158.9,162.3,165.7,171.2,175.8,173.4,174.9,176.1,182.5
2026-07-20T04:31:21.232719,171.9,178.5,158.9,162.3,165.7,171.2,175.8,173.4,174.9,176.1,182.5
2026-07-20T05:01:28.995605,171.9,178.5,158.9,162.3,165.7,171.2,175.8,173.4,174.9,176.1,182.5
2026-07-20T05:31:37.871867,171.9,178.5,158.9,162.3,165.7,171.2,175.8,173.4,174.9,176.1,182.5
2026-07-20T06:01:45.499426,171.9,178.5,158.9,162.3,165.7,171.2,175.8,173.4,174.9,176.1,182.5
2026-07-20T06:31:55.029022,171.9,178.5,158.9,162.3,165.7,171.2,175.8,173.4,174.9,176.1,182.5
2026-07-20T07:02:02.559081,171.9,178.5,158.9,162.3,165.7,171.2,175.8,173.4,174.9,176.1,182.5
2026-07-20T07:32:11.363613,171.9,178.5,158.9,162.3,165.7,171.2,175.8,173.4,174.9,176.1,182.5
2026-07-20T08:02:19.561628,171.9,178.5,158.9,162.3,165.7,171.2,175.8,173.4,174.9,176.1,182.5
2026-07-20T08:32:31.127720,171.9,178.5,158.9,162.3,165.7,171.2,175.8,173.4,174.9,176.1,182.5
2026-07-20T09:03:37.075249,171.9,178.5,158.9,162.3,165.7,171.2,175.8,173.4,174.9,176.1,182.5
2026-07-20T09:33:47.210672,171.9,178.5,158.9,162.3,165.7,171.2,175.8,173.4,174.9,176.1,182.5
2026-07-20T10:03:55.604416,171.9,178.5,158.9,162.3,165.7,171.2,175.8,173.4,174.9,176.1,182.5
2026-07-20T10:34:03.662151,171.9,178.5,158.9,162.3,165.7,171.2,175.8,173.4,174.9,176.1,182.5
2026-07-20T11:04:12.455409,171.9,178.5,158.9,162.3,165.7,171.2,175.8,173.4,174.9,176.1,182.5
2026-07-20T11:34:21.307929,171.9,178.5,158.9,162.3,165.7,171.2,175.8,173.4,174.9,176.1,182.5
2026-07-20T12:04:28.986030,171.9,178.5,158.9,162.3,165.7,171.2,175.8,173.4,174.9,176.1,182.5
2026-07-20T12:34:39.356635,171.9,178.5,158.9,162.3,165.7,171.2,175.8,173.4,174.9,176.1,182.5
2026-07-20T13:04:47.592774,171.9,178.5,158.9,162.3,165.7,171.2,175.8,173.4,174.9,176.1,182.5
2026-07-20T13:34:55.074219,171.9,178.5,158.9,162.3,165.7,171.2,175.8,173.4,174.9,176.1,182.5
2026-07-20T14:05:06.286562,171.9,178.5,158.9,162.3,165.7,171.2,175.8,173.4,174.9,176.1,182.5
2026-07-20T14:35:14.764885,171.9,178.5,158.9,162.3,165.7,171.2,175.8,173.4,174.9,176.1,182.5
2026-07-20T15:05:23.074761,171.9,178.5,158.9,162.3,165.7,171.2,175.8,173.4,174.9,176.1,182.5
2026-07-20T15:35:33.325761,171.9,178.5,158.9,162.3,165.7,171.2,175.8,173.4,174.9,176.1,182.5
2026-07-20T16:06:41.090609,171.9,178.5,158.9,162.3,165.7,171.2,175.8,173.4,174.9,176.1,182.5
2026-07-20T16:36:50.912430,171.9,178.5,158.9,162.3,165.7,171.2,175.8,173.4,174.9,176.1,182.5
2026-07-20T17:06:58.450749,171.9,178.5,158.9,162.3,165.7,171.2,175.8,173.4,174.9,176.1,182.5
2026-07-20T17:37:07.096168,171.9,178.5,158.9,162.3,165.7,171.2,175.8,173.4,174.9,176.1,182.5
2026-07-20T18:07:16.331549,171.9,178.5,158.9,162.3,165.7,171.2,175.8,173.4,174.9,176.1,182.5
2026-07-20T18:37:24.151865,171.9,178.5,158.9,162.3,165.7,171.2,175.8,173.4,174.9,176.1,182.5
2026-07-20T19:07:33.168473,171.9,178.5,158.9,162.3,165.7,171.2,175.8,173.4,174.9,176.1,182.5
2026-07-20T19:37:43.095165,171.9,178.5,158.9,162.3,165.7,171.2,175.8,173.4,174.9,176.1,182.5
2026-07-20T20:07:50.969224,171.9,178.5,158.9,162.3,165.7,171.2,175.8,173.4,174.9,176.1,182.5
2026-07-20T20:38:01.052760,171.9,178.5,158.9,162.3,165.7,171.2,175.8,173.4,174.9,176.1,182.5
2026-07-20T21:08:08.998976,171.9,178.5,158.9,162.3,165.7,171.2,175.8,173.4,174.9,176.1,182.5
2026-07-20T21:38:19.560500,171.9,178.5,158.9,162.3,165.7,171.2,175.8,173.4,174.9,176.1,182.5
2026-07-20T22:08:27.079522,171.9,178.5,158.9,162.3,165.7,171.2,175.8,173.4,174.9,176.1,182.5
2026-07-20T22:38:35.193300,171.9,178.5,158.9,162.3,165.7,171.2,175.8,173.4,174.9,176.1,182.5
2026-07-20T23:08:43.209983,171.9,178.5,158.9,162.3,165.7,171.2,175.8,173.4,174.9,176.1,182.5
2026-07-20T23:38:53.189808,171.9,178.5,158.9,162.3,165.7,171.2,175.8,173.4,174.9,176.1,182.5
2026-07-21T00:09:02.546400,171.9,178.5,158.9,162.3,165.7,171.2,175.8,173.4,174.9,176.1,182.5
2026-07-21T00:39:12.043695,171.9,178.5,158.9,162.3,165.7,171.2,175.8,173.4,174.9,176.1,182.5
2026-07-21T01:09:18.942569,171.9,178.5,158.9,162.3,165.7,171.2,175.8,173.4,174.9,176.1,182.5
2026-07-21T01:39:29.576690,171.9,178.5,158.9,162.3,165.7,171.2,175.8,173.4,174.9,176.1,182.5
2026-07-21T02:09:37.701676,171.9,178.5,158.9,162.3,165.7,171.2,175.8,173.4,174.9,176.1,182.5
2026-07-21T02:39:45.950287,171.9,178.5,158.9,162.3,165.7,171.2,175.8,173.4,174.9,176.1,182.5
2026-07-21T03:09:55.232387,171.9,178.5,158.9,162.3,165.7,171.2,175.8,173.4,174.9,176.1,182.5
2026-07-21T03:40:04.860224,171.9,178.5,158.9,162.3,165.7,171.2,175.8,173.4,174.9,176.1,182.5
2026-07-21T04:10:13.887375,171.9,178.5,158.9,162.3,165.7,171.2,175.8,173.4,174.9,176.1,182.5
2026-07-21T04:40:23.886011,171.9,178.5,158.9,162.3,165.7,171.2,175.8,173.4,174.9,176.1,182.5
2026-07-21T05:10:31.803799,171.9,178.5,158.9,162.3,165.7,171.2,175.8,173.4,174.9,176.1,182.5
2026-07-21T05:40:40.586908,171.9,178.5,158.9,162.3,165.7,171.2,175.8,173.4,174.9,176.1,182.5
2026-07-21T06:10:48.946068,171.9,178.5,158.9,162.3,165.7,171.2,175.8,173.4,174.9,176.1,182.5
2026-07-21T06:40:58.471935,171.9,178.5,158.9,162.3,165.7,171.2,175.8,173.4,174.9,176.1,182.5
2026-07-21T07:11:06.019036,171.9,178.5,158.9,162.3,165.7,171.2,175.8,173.4,174.9,176.1,182.5
2026-07-21T07:41:15.695599,171.9,178.5,158.9,162.3,165.7,171.2,175.8,173.4,174.9,176.1,182.5
2026-07-21T08:11:23.466813,171.9,178.5,158.9,162.3,165.7,171.2,175.8,173.4,174.9,176.1,182.5
2026-07-21T08:41:32.335635,171.9,178.5,158.9,162.3,165.7,171.2,175.8,173.4,174.9,176.1,182.5
2026-07-21T09:11:41.525804,171.9,178.5,158.9,162.3,165.7,171.2,175.8,173.4,174.9,176.1,182.5
2026-07-21T09:41:51.236485,171.9,178.5,158.9,162.3,165.7,171.2,175.8,173.4,174.9,176.1,182.5
2026-07-21T10:11:59.993621,171.9,178.5,158.9,162.3,165.7,171.2,175.8,173.4,174.9,176.1,182.5
2026-07-21T10:42:07.985852,171.9,178.5,158.9,162.3,165.7,171.2,175.8,173.4,174.9,176.1,182.5
2026-07-21T11:12:16.088687,171.9,178.5,158.9,162.3,165.7,171.2,175.8,173.4,174.9,176.1,182.5
2026-07-21T11:42:24.741681,171.9,178.5,158.9,162.3,165.7,171.2,175.8,173.4,174.9,176.1,182.5
2026-07-21T12:12:33.580527,171.9,178.5,158.9,162.3,165.7,171.2,175.8,173.4,174.9,176.1,182.5
2026-07-21T12:42:45.785635,171.9,178.5,158.9,162.3,165.7,171.2,175.8,173.4,174.9,176.1,182.5
